,KDI_Pop_2012,KDI_GNIT_2012,KDI_GNIP_2012,KDI_PPPT_2012,KDI_PPPP_2012,KDI_GDP_2012,SR_NH_1993_2002,SR_NH_2003_2012,SR_EPI_1993_2002,SR_EPI_2003_2012,SR_AMM_2007_2011,SR_AMF_2007_2011,SR_RPI_2013,RMH_EP_2010,RMH_ES_2010,RMH_ET_2010,RMH_MM_2010,RMH_S_2011,RMF_PHI_2011,RMF_PAI_2011,RMF_IA_2005_2010,RMF_BS_2000,RMF_BS_2011,% of GDP,RMF_C_2011,RMF_IP_2000,RMF_IP_2011,RMF_DR_2000,RMF_DR_2011,RME_IR_2005_2007,RME_IR_2010_2012,,RME_WWGI_2011,DCI_DE_1993_2002,DCI_DE_2003_2012,DCI_DA_1993_2002,DCI_DA_2003_2012
Afghanistan,30.00,16.60,570.00,40.70,1400.00,4.40,26.00,62.00,18.00,3.00,406.67,373.63,10.69,8.20,5.15,5.26,460.00,14.55,0.09,10.78,0.00,0.00,0.00,0.00,0.00,0.00,0.00,0.00,0.00,0.00,33.79,-1.75,0.75,45.07,7.06,0.00,0.16
Albania,3.00,12.90,4090.00,29.70,9390.00,0.50,6.00,6.00,2.00,0.00,93.41,45.48,60.06,9.55,30.59,4.98,27.00,22.74,11.16,73.28,1.38,43.76,66.70,4.67,38.97,0.36,0.57,10.67,58.43,19.08,19.89,-0.20,2.30,0.33,0.16,0.06,0.00
Algeria,38.00,155.10,4110.00,285.00,7550.00,0.60,17.00,29.00,1.00,0.00,123.44,99.45,59.43,1.41,34.46,5.62,97.00,20.86,3.52,0.00,0.86,26.15,45.65,5.95,14.52,0.46,0.56,22.75,31.80,70.67,97.92,-0.93,1.57,4.19,7.54,0.08,0.36
Angola,21.00,95.40,4580.00,114.30,5490.00,3.50,9.00,22.00,7.00,9.00,381.70,332.87,0.00,0.00,0.00,0.00,450.00,36.59,3.11,0.00,1.17,25.61,52.75,1.97,21.60,0.86,0.97,7.68,40.96,16.81,26.95,-1.06,1.44,1.29,2.03,0.02,0.00
Armenia,3.00,11.10,3720.00,20.80,6990.00,7.00,4.00,1.00,0.00,0.00,159.86,77.86,58.50,4.75,64.64,12.71,30.00,10.54,0.60,5.93,0.40,8.92,20.41,9.93,34.31,0.12,0.54,111.31,168.09,16.16,19.12,-0.28,2.22,0.13,0.03,0.75,0.00
Australia,23.00,1351.20,59570.00,982.16,43300.00,1.80,47.00,46.00,0.00,1.00,80.60,47.28,94.40,2.11,38.95,22.35,7.00,68.27,0.00,0.00,33.89,61.27,99.19,84.56,124.12,8.82,5.27,138.02,125.13,5.60,3.35,1.63,4.13,0.44,0.37,0.20,0.18
Austria,8.00,407.60,48160.00,373.19,44100.00,0.40,11.00,8.00,0.00,0.00,99.78,48.49,80.49,17.24,45.26,9.52,4.00,78.35,0.00,0.00,34.05,80.42,95.01,102.19,118.90,4.75,4.61,127.07,125.15,4.23,4.96,1.49,3.99,0.25,0.11,0.12,0.06
Azerbaijan,9.00,56.30,6050.00,87.50,9410.00,3.10,8.00,5.00,0.00,0.00,177.87,68.36,48.82,0.00,0.00,0.00,43.00,10.81,1.06,19.50,0.71,10.56,13.36,5.90,17.88,0.27,0.31,55.86,133.85,11.25,15.03,-0.84,1.66,0.62,0.03,0.35,0.01
Bangladesh,155.00,129.20,840.00,319.90,2070.00,5.10,80.00,55.00,10.00,4.00,160.59,134.01,34.41,21.45,18.36,2.98,240.00,26.83,2.10,0.00,2.10,29.78,54.23,24.34,48.58,0.47,1.08,81.74,89.57,6.22,9.91,-0.87,1.63,4.62,5.25,1.44,0.68
Belarus,9.00,61.80,6530.00,143.90,15210.00,1.60,4.00,1.00,2.00,0.00,334.25,112.17,78.48,0.00,0.00,0.00,4.00,26.44,3.06,4.71,0.82,14.94,35.94,8.79,41.75,0.59,0.79,58.81,116.16,5.81,10.17,-1.01,1.49,0.07,0.00,0.09,0.00
Belgium,11.00,501.30,44990.00,447.57,40170.00,-1.10,13.00,9.00,0.00,0.00,107.23,61.09,85.93,11.13,33.31,20.40,8.00,57.81,0.00,0.00,65.41,82.28,106.13,77.82,92.59,7.36,7.59,94.58,87.24,3.38,5.08,1.37,3.87,0.16,0.10,0.01,0.02
Benin,10.00,7.50,750.00,15.80,1570.00,2.60,6.00,8.00,11.00,8.00,327.49,271.42,23.65,10.10,12.43,1.96,350.00,32.36,0.71,1.40,1.86,15.55,29.66,11.55,25.29,0.62,0.80,74.27,85.27,18.79,13.30,-0.29,2.21,0.52,0.95,0.01,0.00
Bolivia,10.00,23.30,2220.00,52.10,4960.00,3.50,12.00,15.00,4.00,4.00,220.92,164.26,39.42,11.82,35.51,9.49,190.00,44.23,3.73,4.25,4.04,46.14,44.67,58.72,36.77,0.79,0.97,127.25,82.33,29.06,47.58,-0.54,1.96,3.96,3.10,0.34,0.45
Bosnia and Herzegovina,4.00,17.80,4650.00,36.00,9380.00,-0.60,3.00,9.00,1.00,0.00,132.03,67.95,60.49,0.00,0.00,0.00,8.00,13.54,3.83,3.66,0.00,16.60,41.61,40.77,48.16,1.95,1.90,73.24,115.74,28.62,24.90,-0.43,2.07,0.00,0.18,0.38,0.12
Brazil,199.00,2311.10,11630.00,2328.80,11720.00,0.00,30.00,47.00,7.00,3.00,213.62,112.06,57.62,26.17,25.11,5.20,56.00,21.09,7.62,11.23,7.54,44.26,66.50,31.66,58.01,1.39,2.42,71.53,87.22,9.06,14.69,0.13,2.63,0.24,1.12,0.00,0.05
Bulgaria,7.00,50.20,6870.00,112.40,15390.00,1.40,6.00,15.00,0.00,0.00,196.96,88.26,75.59,24.38,27.13,12.08,11.00,10.90,3.93,2.00,3.60,22.73,63.90,12.26,71.99,1.34,2.04,53.95,112.66,35.72,34.75,0.18,2.68,0.04,0.73,0.00,0.09
Burkina Faso,16.00,10.90,670.00,24.90,1510.00,6.90,5.00,11.00,7.00,9.00,295.73,245.53,37.57,0.00,0.00,0.00,300.00,37.97,0.81,0.54,0.69,13.10,26.76,11.70,20.76,0.61,0.44,89.36,77.60,10.92,10.21,-0.38,2.12,0.26,0.69,0.00,0.18
Burundi,10.00,2.40,240.00,5.50,560.00,0.70,5.00,27.00,10.00,2.00,410.46,372.92,22.45,20.70,3.35,0.55,800.00,25.16,3.47,7.63,0.00,14.45,19.03,20.80,19.16,0.44,0.19,143.95,100.71,10.79,13.78,-1.19,1.31,0.09,2.09,0.00,0.00
Cambodia,15.00,13.00,880.00,35.10,2360.00,5.40,11.00,11.00,4.00,3.00,257.57,216.97,29.70,33.26,5.27,0.50,250.00,31.05,2.64,14.31,0.52,18.65,32.29,6.38,28.81,0.00,0.15,34.20,89.23,20.86,31.99,-0.78,1.72,8.81,2.23,1.01,0.57
Cameroon,22.00,25.40,1170.00,50.30,2320.00,2.10,6.00,7.00,10.00,6.00,403.79,372.25,36.88,31.02,13.53,1.55,690.00,51.91,1.18,3.37,1.70,11.14,18.17,8.23,12.73,0.70,0.87,73.84,70.07,9.94,14.12,-0.89,1.61,0.42,0.29,0.00,0.00
Canada,35.00,1777.90,50970.00,1483.59,42530.00,0.60,16.00,33.00,2.00,1.00,91.76,55.37,84.18,2.55,37.46,28.00,12.00,65.53,0.00,0.00,34.63,70.10,0.00,76.09,0.00,5.37,1.85,108.55,0.00,2.85,3.69,1.62,4.12,0.25,0.08,0.04,0.02
Central African Republic,5.00,2.20,490.00,3.90,860.00,2.10,6.00,13.00,6.00,2.00,456.05,422.28,8.62,16.50,8.50,1.23,890.00,25.40,0.37,1.53,1.00,3.42,9.29,4.75,9.44,0.31,0.29,138.65,101.68,8.38,7.88,-1.30,1.20,0.29,0.31,0.00,0.00
Chad,12.00,9.30,740.00,16.40,1320.00,1.90,7.00,13.00,5.00,13.00,367.75,312.53,12.78,0.00,0.00,0.00,1100.00,28.74,1.33,17.00,0.14,3.94,7.23,3.42,5.97,0.28,0.19,86.74,82.50,9.50,8.96,-1.30,1.20,1.32,1.19,0.01,0.01
Chile,17.00,249.50,14280.00,372.12,21310.00,4.60,17.00,15.00,0.00,0.00,121.37,56.17,70.32,13.64,29.73,11.65,25.00,27.06,5.70,0.00,19.34,50.87,43.45,63.78,70.49,3.65,3.64,125.36,162.24,11.97,15.00,1.21,3.71,1.47,3.96,0.06,1.68
China,1351.00,7748.90,5740.00,12435.40,9210.00,7.30,188.00,234.00,3.00,3.00,135.46,86.24,68.76,17.65,40.32,3.91,37.00,38.42,47.20,7.18,9.72,110.35,164.42,112.21,127.37,1.49,3.04,101.68,77.47,40.31,44.69,-0.58,1.92,1.78,7.61,1.18,0.45
"  Hong Kong SAR, China",7.00,261.60,36560.00,379.60,53050.00,0.30,10.00,8.00,0.00,1.00,72.05,36.15,72.54,14.26,35.41,7.25,0.00,59.04,0.00,0.00,32.56,220.82,321.75,152.62,206.24,4.34,11.38,69.11,64.10,69.81,117.59,1.40,3.90,1.39,0.10,0.01,0.00
Colombia,48.00,333.60,6990.00,482.20,10110.00,2.60,31.00,39.00,1.00,1.00,191.20,87.98,52.85,28.92,31.78,8.46,92.00,32.88,5.56,8.33,4.94,22.39,20.91,20.76,35.12,1.56,2.08,92.70,167.99,9.93,9.71,-0.23,2.27,5.02,3.62,0.19,0.14
"Congo, Dem. Rep.",66.00,14.80,220.00,24.50,370.00,4.30,8.00,19.00,31.00,34.00,404.85,351.39,7.60,8.41,7.89,1.08,540.00,24.12,0.71,1.22,0.50,9.22,12.36,3.25,6.27,0.08,0.37,35.19,50.78,1.79,9.05,-1.64,0.86,0.74,0.19,0.01,0.00
"Congo, Rep.",4.00,11.10,2550.00,15.20,3510.00,1.10,4.00,7.00,5.00,11.00,330.01,295.26,27.41,8.00,8.88,1.32,560.00,30.43,0.14,2.77,0.00,8.57,21.47,4.78,7.26,0.12,0.43,55.79,33.83,20.68,38.90,-1.01,1.49,0.07,0.83,0.00,0.00
Costa Rica,5.00,42.00,8740.00,60.50,12590.00,3.60,16.00,21.00,1.00,0.00,108.62,56.79,57.89,29.68,19.37,13.17,40.00,40.99,4.10,0.00,1.77,14.05,23.15,24.01,47.41,1.95,1.81,170.87,198.59,13.69,13.18,0.58,3.08,2.69,2.63,0.41,0.12
Cote d'Ivoire,20.00,24.20,1220.00,38.80,1960.00,7.00,1.00,4.00,6.00,6.00,365.55,337.31,19.11,17.78,6.44,3.91,400.00,0.00,0.00,0.00,3.28,13.32,0.00,14.89,0.00,1.18,1.44,0.00,68.04,10.48,16.55,-1.16,1.34,0.18,0.13,0.00,0.00
Croatia,4.00,56.70,13290.00,84.30,19760.00,-1.70,3.00,7.00,0.00,0.00,136.13,54.91,72.26,17.13,29.21,5.30,17.00,21.93,0.00,0.00,7.55,37.02,67.38,31.88,73.78,2.20,2.49,86.10,109.51,21.91,24.56,0.38,2.88,0.00,0.05,0.00,0.06
Czech Republic,11.00,190.60,18130.00,259.79,24710.00,-1.50,7.00,11.00,0.00,0.00,138.45,62.58,88.31,10.04,65.21,5.60,5.00,48.98,0.00,0.00,9.96,58.13,64.10,47.04,55.77,3.03,3.72,80.94,87.01,21.09,20.89,0.95,3.45,0.54,0.37,0.69,0.03
Denmark,6.00,334.10,59770.00,242.27,43340.00,-0.80,2.00,3.00,0.00,0.00,106.66,64.89,87.19,28.33,26.81,12.53,12.00,72.59,0.00,0.00,75.36,46.79,52.12,135.19,0.00,6.65,9.55,66.28,0.00,11.85,25.76,1.86,4.36,0.15,0.07,0.15,0.04
Dominican Republic,10.00,56.20,5470.00,101.00,9820.00,2.60,9.00,30.00,2.00,4.00,197.06,128.88,44.51,7.79,8.10,4.53,150.00,37.25,8.43,0.90,1.42,25.50,20.85,28.98,22.30,1.42,1.17,113.66,106.97,6.48,6.98,-0.36,2.14,5.02,9.78,0.94,0.13
Ecuador,15.00,80.50,5190.00,148.50,9590.00,3.30,16.00,13.00,6.00,2.00,159.39,82.98,61.05,29.12,16.12,10.50,110.00,30.25,3.13,8.44,0.69,21.07,32.92,29.27,30.87,1.20,2.20,138.93,93.77,5.47,2.99,-0.76,1.74,3.33,0.74,0.11,0.19
"Egypt, Arab Rep.",81.00,241.80,3000.00,536.30,6640.00,0.50,9.00,4.00,0.00,2.00,137.53,82.84,63.12,6.40,22.32,5.73,66.00,8.07,0.55,6.57,3.55,64.74,63.13,51.95,31.27,0.58,0.69,80.25,49.54,24.42,9.78,-0.74,1.76,1.04,0.09,0.02,0.00
El Salvador,6.00,22.50,3580.00,42.80,6790.00,1.00,15.00,17.00,4.00,2.00,278.34,117.85,52.56,15.90,16.85,8.45,81.00,25.89,0.99,5.36,2.30,42.48,38.58,45.14,38.97,1.35,1.84,106.24,101.01,11.03,12.06,-0.07,2.43,28.31,7.79,2.02,1.09
Eritrea,6.00,2.80,450.00,3.40,560.00,3.60,3.00,4.00,0.00,0.00,337.74,254.86,0.00,0.00,0.00,0.00,240.00,0.00,0.00,0.00,0.00,131.04,89.69,29.90,13.64,1.18,0.41,22.82,15.20,2.41,4.90,-1.40,1.10,0.08,0.00,0.07,0.00
Ethiopia,92.00,37.40,410.00,104.20,1140.00,5.70,24.00,28.00,9.00,7.00,297.82,252.43,30.24,0.00,0.00,0.00,350.00,0.00,0.00,0.00,0.84,27.02,0.00,17.76,0.00,0.63,0.48,65.73,0.00,6.93,0.00,-0.96,1.54,0.87,1.65,0.03,0.00
Finland,5.00,254.10,46940.00,209.15,38630.00,-0.70,0.00,0.00,0.00,0.00,123.26,55.59,93.71,22.11,26.40,13.06,5.00,68.68,0.00,0.00,26.05,46.04,63.64,53.02,96.43,4.86,3.24,115.18,151.53,4.27,3.78,1.85,4.35,0.00,0.00,0.00,0.00
France,66.00,2742.90,41750.00,2412.63,36720.00,-0.50,37.00,21.00,0.00,1.00,115.59,53.61,82.19,6.47,40.09,10.55,8.00,61.78,0.00,0.00,89.31,62.59,88.29,85.04,116.21,8.42,8.64,135.87,131.63,4.10,4.88,1.21,3.71,0.41,0.21,0.11,0.04
Georgia,5.00,14.80,3280.00,26.40,5860.00,5.30,7.00,8.00,0.00,0.00,175.47,66.09,61.38,0.00,0.00,0.00,67.00,6.99,3.21,0.38,1.58,5.17,23.36,7.40,32.83,0.23,0.47,143.15,140.55,10.95,19.04,0.01,2.51,0.31,0.30,1.61,0.08
Germany,82.00,3603.90,44010.00,3430.11,41890.00,0.60,20.00,22.00,1.00,1.00,101.46,53.67,87.39,2.75,55.38,12.77,7.00,67.27,0.00,0.00,59.50,91.49,117.21,119.42,105.54,5.14,5.34,130.53,90.04,3.87,5.02,1.42,3.92,0.14,0.09,0.09,0.03
Ghana,25.00,39.30,1550.00,49.20,1940.00,5.60,5.00,8.00,8.00,5.00,249.86,219.92,29.90,8.01,17.52,2.14,350.00,36.63,11.85,3.96,0.85,16.39,24.18,13.82,14.52,0.86,0.56,84.27,60.05,12.58,14.75,0.14,2.64,1.19,0.77,0.04,0.00
Greece,11.00,262.40,23260.00,287.15,25460.00,-6.20,21.00,13.00,0.00,0.00,99.03,45.35,78.38,28.17,32.32,22.37,3.00,27.76,0.00,0.00,5.68,50.50,83.08,46.89,117.98,0.01,2.06,92.85,142.01,1.08,1.67,0.36,2.86,2.18,0.09,0.42,0.03
Guatemala,15.00,47.00,3120.00,74.80,4960.00,0.40,18.00,23.00,3.00,0.00,223.35,119.82,42.85,16.42,9.74,2.21,120.00,24.79,1.67,1.74,1.41,18.23,38.51,19.77,23.40,0.89,0.97,108.45,60.75,13.31,13.33,-0.57,1.93,4.98,13.60,0.40,0.49
Guinea,11.00,5.30,460.00,11.30,980.00,1.30,4.00,7.00,5.00,7.00,346.71,298.21,5.30,0.00,0.00,0.00,610.00,27.10,0.32,49.54,0.00,4.81,23.73,3.38,9.14,0.09,0.02,70.29,38.49,1.35,2.45,-1.19,1.31,0.30,0.10,0.00,0.00
Haiti,10.00,7.70,760.00,12.60,1240.00,1.40,15.00,48.00,0.00,4.00,260.18,231.40,16.35,4.62,22.36,0.77,350.00,31.61,3.98,17.19,0.00,29.93,39.16,15.08,14.16,0.00,0.42,50.38,36.16,5.34,17.61,-1.16,1.34,18.09,2379.12,0.62,13.04
Honduras,8.00,16.40,2070.00,30.90,3890.00,1.40,20.00,24.00,4.00,2.00,161.62,112.85,46.92,35.26,13.25,4.02,100.00,21.81,1.33,2.82,2.98,35.22,46.38,34.11,48.05,1.55,1.55,96.85,103.60,22.96,15.80,-0.55,1.95,255.34,4.55,7.81,0.24
Hungary,10.00,123.20,12390.00,205.93,20710.00,-1.40,9.00,9.00,0.00,0.00,228.64,98.97,80.97,3.94,52.23,12.58,21.00,26.68,0.00,0.00,8.60,38.84,45.75,32.45,65.16,2.88,2.82,83.55,142.44,17.91,35.21,0.74,3.24,0.48,0.17,0.08,0.04
India,1237.00,1890.40,1530.00,4749.20,3840.00,1.90,85.00,133.00,28.00,8.00,251.13,164.36,30.77,16.60,0.84,4.07,200.00,22.42,6.77,6.61,15.32,45.82,66.71,28.85,50.60,1.75,3.53,62.95,75.85,19.20,16.07,-0.30,2.20,6.03,2.63,0.47,0.18
Indonesia,247.00,844.00,3420.00,1188.00,4810.00,4.90,68.00,119.00,11.00,7.00,199.12,163.36,41.50,32.04,11.05,1.73,220.00,40.50,0.94,0.00,1.76,48.21,34.40,19.45,28.34,0.99,1.47,40.35,82.39,12.34,12.99,-0.46,2.04,1.50,76.03,0.18,0.23
"Iran, Islamic Rep.",76.00,0.00,0.00,0.00,0.00,0.00,NA,NA,NA,NA,NA,NA,NA,NA,NA,NA,NA,NA,NA,NA,NA,NA,NA,NA,NA,NA,NA,NA,NA,NA,NA,-1.34,1.16,NA,NA,NA,NA
Iraq,33.00,191.20,5870.00,140.20,4300.00,5.70,1.00,7.00,1.00,4.00,295.54,127.10,38.17,20.41,11.77,6.47,63.00,26.24,0.20,7.77,0.00,0.00,0.00,0.00,0.00,0.00,0.00,0.00,0.00,33.13,34.61,1.45,3.95,0.00,0.12,0.00,0.00
Ireland,5.00,178.80,38970.00,164.62,35870.00,0.70,7.00,4.00,1.00,1.00,96.90,56.65,85.05,10.90,32.43,20.18,6.00,64.58,0.00,0.00,83.39,77.59,103.06,104.61,204.26,9.69,8.01,134.83,198.20,0.39,0.82,0.59,3.09,0.43,0.05,0.03,0.01
Israel,8.00,224.70,28930.00,218.00,28070.00,2.80,4.00,1.00,1.00,0.00,78.56,45.29,75.92,16.99,26.12,24.31,7.00,44.90,0.00,0.00,0.00,79.02,94.94,77.23,94.81,4.55,4.31,97.74,99.86,19.35,31.72,0.52,3.02,0.30,0.03,0.01,0.00
Italy,61.00,2061.30,33840.00,2002.35,32870.00,-2.70,24.00,19.00,1.00,1.00,77.66,41.46,71.76,18.98,32.53,6.64,4.00,26.35,0.00,0.00,33.78,49.87,86.18,74.77,122.11,5.32,6.62,149.93,141.68,4.05,6.01,1.17,3.67,0.38,0.66,0.21,0.10
Japan,128.00,6105.80,47870.00,4629.66,36290.00,2.10,47.00,55.00,1.00,0.00,84.85,41.83,80.15,13.95,30.33,24.01,5.00,63.34,0.00,0.00,74.40,228.41,222.13,190.81,105.04,6.93,1.56,83.54,47.29,20.47,20.84,-0.12,2.38,4.66,16.27,0.32,0.58
Jordan,6.00,29.90,4720.00,38.80,6130.00,0.60,5.00,0.00,0.00,0.00,141.18,97.62,63.69,7.96,38.03,6.38,63.00,18.18,1.05,0.00,4.75,90.45,100.25,71.87,73.43,1.46,1.60,79.45,73.25,45.36,39.81,-0.59,1.91,0.35,0.00,0.00,0.00
Kazakhstan,17.00,163.50,9730.00,200.70,11950.00,3.50,4.00,7.00,3.00,0.00,360.75,144.60,77.66,3.20,39.50,11.81,51.00,21.93,1.86,1.50,1.35,11.05,29.11,11.15,36.96,0.31,0.57,100.90,126.96,17.60,15.20,-0.69,1.81,0.81,0.32,0.02,0.02
Kenya,43.00,36.20,840.00,76.10,1760.00,1.50,11.00,34.00,18.00,12.00,369.54,348.35,29.36,40.65,0.63,2.00,360.00,40.14,5.36,3.33,7.63,29.85,45.95,25.82,37.96,1.96,2.64,86.51,82.62,10.89,13.82,0.76,3.26,1.01,2.25,0.01,0.07
"Korea, Rep.",50.00,1133.80,22670.00,1548.73,30970.00,1.60,25.00,21.00,2.00,1.00,84.20,38.86,78.47,10.18,36.78,17.92,16.00,64.50,0.00,0.00,40.50,65.52,74.72,75.80,99.84,10.81,11.93,115.69,133.63,25.02,28.31,-0.83,1.67,2.51,0.73,0.22,0.07
Kyrgyz Republic,6.00,5.50,990.00,12.60,2260.00,-2.10,2.00,9.00,2.00,1.00,304.58,130.25,54.90,10.07,35.86,8.43,71.00,36.44,0.00,2.72,0.37,5.04,0.00,4.10,0.00,0.09,0.21,81.30,0.00,28.22,31.61,-0.91,1.59,0.02,1.52,0.03,0.01
Lao PDR,7.00,8.40,1260.00,18.10,2730.00,6.10,11.00,5.00,4.00,1.00,203.33,162.42,37.66,20.82,5.72,3.18,470.00,54.47,4.51,4.60,0.00,15.97,32.73,7.86,23.27,0.23,0.44,49.23,71.10,13.81,14.85,-0.64,1.86,1.56,1.30,2.38,0.18
Lebanon,4.00,40.70,9190.00,63.70,14400.00,0.40,1.00,1.00,0.00,0.00,148.23,99.50,40.39,0.00,0.00,0.00,25.00,30.77,7.92,0.00,7.05,182.87,223.89,85.49,81.13,2.16,1.82,46.75,36.24,81.32,108.59,-0.74,1.76,0.00,0.00,0.00,0.00
Liberia,4.00,1.60,370.00,2.50,600.00,7.90,2.00,5.00,7.00,3.00,340.18,305.03,9.86,6.17,5.79,5.26,770.00,34.87,5.86,18.81,0.00,1.59,11.06,0.82,5.71,0.00,0.00,51.40,51.65,10.92,32.51,0.69,3.19,0.39,0.11,0.00,0.00
Lithuania,3.00,41.30,13850.00,67.90,22760.00,5.30,2.00,4.00,0.00,0.00,270.76,93.02,79.13,4.04,55.45,16.41,8.00,32.68,14.64,31.12,3.24,16.92,38.01,13.09,53.66,0.83,1.53,77.34,141.17,17.87,18.92,-0.71,1.79,0.23,0.12,0.00,0.05
Madagascar,22.00,9.70,430.00,21.20,950.00,0.30,14.00,29.00,3.00,2.00,213.32,166.32,11.61,0.00,0.00,0.00,240.00,19.70,0.25,1.23,1.77,13.97,17.43,8.78,10.93,0.61,0.58,62.84,62.70,10.55,12.70,-0.33,2.17,3.86,5.53,0.19,0.86
Malawi,16.00,5.00,320.00,13.90,880.00,-1.00,12.00,23.00,8.00,3.00,396.36,399.63,38.90,12.58,8.06,0.27,460.00,33.02,0.46,1.22,5.65,13.85,28.64,5.60,18.37,1.72,0.95,40.47,64.15,5.60,5.04,0.32,2.82,5.36,0.33,0.04,0.00
Malaysia,29.00,286.40,9800.00,483.20,16530.00,3.90,14.00,22.00,8.00,2.00,143.78,72.52,66.55,12.90,33.84,5.03,29.00,51.04,16.40,7.21,18.51,112.85,128.93,126.73,112.12,4.04,4.30,112.30,86.97,50.91,44.98,-0.49,2.01,1.47,0.63,0.01,0.06
Mali,15.00,9.80,660.00,17.20,1160.00,-4.10,7.00,15.00,4.00,6.00,356.37,293.27,18.45,6.30,2.52,1.22,540.00,37.38,0.99,9.23,0.54,13.74,21.86,15.00,21.45,0.52,0.46,109.21,98.12,15.72,13.41,-0.88,1.62,0.25,0.34,0.00,0.00
Mauritania,4.00,4.20,1110.00,9.60,2520.00,4.90,9.00,11.00,2.00,1.00,286.38,216.54,18.59,23.71,6.33,1.45,510.00,22.86,2.04,16.96,0.00,0.00,23.89,0.00,25.64,0.00,0.39,0.00,107.35,5.27,14.07,-0.13,2.37,1.02,0.58,0.00,0.00
Mexico,121.00,1176.90,9740.00,2015.84,16680.00,2.60,68.00,55.00,1.00,1.00,129.95,71.53,56.35,18.86,17.73,13.91,50.00,27.08,8.48,4.86,3.18,23.55,26.67,17.18,19.84,1.79,1.65,72.95,74.41,8.39,12.72,-0.30,2.20,2.25,0.47,0.21,0.18
Moldova,4.00,7.40,2070.00,13.10,3690.00,-0.80,7.00,5.00,1.00,0.00,300.02,145.33,56.73,4.54,39.15,9.03,41.00,22.23,1.56,2.60,2.22,13.12,36.64,12.64,33.62,0.53,1.14,96.35,91.74,24.35,30.73,-0.33,2.17,1.70,0.11,2.36,0.68
Morocco,33.00,97.10,2940.00,166.60,5040.00,1.20,11.00,12.00,0.00,0.00,140.92,88.93,50.79,17.47,9.90,5.91,100.00,30.47,4.52,18.73,17.10,59.19,89.51,50.73,71.62,2.31,2.60,85.72,80.02,30.78,21.23,-0.30,2.20,3.54,2.56,0.29,0.05
Mozambique,25.00,12.80,510.00,25.70,1020.00,4.70,17.00,28.00,9.00,11.00,477.28,443.27,12.35,12.53,1.62,0.31,490.00,42.64,3.68,5.28,2.70,23.35,33.68,16.74,23.65,0.52,1.12,71.71,70.22,17.62,21.34,-0.89,1.61,7.10,1.04,1.12,0.20
Nepal,27.00,19.20,700.00,41.10,1500.00,3.40,10.00,18.00,11.00,3.00,182.10,155.49,22.61,9.84,6.33,2.04,170.00,18.39,1.81,2.16,0.62,38.77,63.94,30.28,52.40,0.48,1.49,78.10,81.96,20.05,18.73,1.71,4.21,11.81,4.78,0.49,0.05
Netherlands,17.00,809.10,48250.00,731.48,43620.00,-1.40,7.00,4.00,1.00,0.00,75.40,55.92,93.01,7.57,40.51,16.45,6.00,73.05,0.00,0.00,61.51,92.29,131.85,134.07,197.90,7.17,4.86,145.27,150.10,3.39,4.95,1.83,4.33,0.05,0.04,0.05,0.01
New Zealand,4.00,134.90,30620.00,132.00,29960.00,2.30,11.00,11.00,0.00,1.00,87.31,58.32,88.68,20.72,15.94,24.40,15.00,72.65,0.00,0.00,0.00,78.66,94.27,110.01,147.72,3.79,2.72,139.84,156.70,11.17,11.96,-0.61,1.89,0.10,4.47,0.03,1.91
Nicaragua,6.00,9.90,1650.00,23.70,3960.00,3.70,21.00,17.00,6.00,2.00,194.00,109.20,39.22,8.12,11.52,10.02,95.00,26.08,0.78,5.94,0.52,34.43,38.12,30.51,32.08,1.22,1.53,88.62,84.15,13.30,19.52,-0.58,1.92,70.67,5.86,2.20,0.00
Niger,17.00,6.40,370.00,11.20,650.00,7.00,9.00,13.00,15.00,14.00,308.76,267.17,18.31,9.76,2.11,0.70,590.00,25.14,0.21,5.79,0.76,5.93,11.76,5.17,14.03,0.50,0.58,87.20,119.36,10.45,13.56,-1.15,1.35,0.82,0.95,0.00,0.01
Nigeria,169.00,241.10,1430.00,409.10,2420.00,3.60,18.00,24.00,23.00,16.00,387.11,359.02,26.80,0.00,0.00,0.00,630.00,64.39,0.40,2.29,1.67,14.92,30.62,11.65,21.29,0.54,0.68,78.08,69.53,28.73,16.08,1.70,4.20,0.37,0.62,0.02,0.03
Norway,5.00,496.20,98860.00,336.06,66960.00,1.70,4.00,3.00,0.00,0.00,82.44,49.90,94.29,0.52,45.66,14.58,7.00,0.00,0.00,0.00,36.63,45.91,0.00,65.46,0.00,4.30,4.78,142.58,0.00,15.88,10.99,-1.14,1.36,0.02,0.08,0.02,0.00
Pakistan,179.00,225.40,1260.00,543.60,3030.00,2.40,31.00,46.00,6.00,3.00,188.09,156.62,32.96,14.25,18.97,5.24,260.00,7.48,0.52,2.62,0.00,27.66,29.13,22.34,18.25,0.47,0.61,80.74,62.63,10.42,7.54,0.08,2.58,3.04,47.43,0.10,1.35
Panama,4.00,37.70,9910.00,67.80,17830.00,8.90,8.00,21.00,2.00,0.00,131.09,68.63,55.54,21.32,24.57,16.36,92.00,34.95,4.87,0.00,5.25,76.73,82.67,95.45,84.60,2.65,2.87,124.40,102.34,8.46,8.06,-0.69,1.81,0.38,2.34,0.01,0.01
Papua New Guinea,7.00,12.80,1790.00,19.90,2780.00,5.70,15.00,13.00,4.00,3.00,309.72,233.28,21.86,40.82,4.73,0.84,230.00,0.00,0.00,0.00,0.00,28.97,41.76,17.13,22.35,1.53,0.07,59.15,53.53,24.77,31.05,-0.60,1.90,46.21,2.75,0.43,0.03
Paraguay,7.00,22.00,3290.00,37.50,5610.00,-2.90,8.00,10.00,1.00,7.00,166.41,119.41,50.09,25.43,30.38,3.08,99.00,18.09,5.95,1.65,1.23,22.16,27.25,27.13,40.98,1.06,1.09,122.42,150.36,16.20,19.28,-0.18,2.32,1.95,0.14,0.01,0.00
Peru,30.00,176.50,5880.00,306.90,10240.00,5.00,23.00,21.00,4.00,3.00,156.30,95.65,52.23,7.24,27.51,16.56,67.00,29.15,3.53,11.11,3.50,25.80,29.50,25.65,26.28,0.89,1.34,99.42,89.08,20.89,29.35,-0.49,2.01,4.19,3.35,0.06,0.05
Philippines,97.00,238.70,2470.00,425.20,4400.00,4.80,100.00,163.00,5.00,7.00,257.03,141.74,45.35,18.00,19.86,22.37,99.00,45.48,5.49,0.00,6.53,50.70,52.22,36.77,31.78,1.21,1.36,72.53,60.86,19.77,31.34,0.83,3.33,6.91,11.99,0.29,0.28
Poland,39.00,488.30,12670.00,815.95,21170.00,1.90,7.00,13.00,0.00,0.00,197.54,76.10,76.40,15.87,11.42,9.11,5.00,30.80,0.00,0.00,10.26,36.01,50.54,26.57,54.94,2.48,3.31,73.77,108.69,14.55,19.99,0.93,3.43,0.27,0.14,0.24,0.06
Portugal,11.00,216.60,20580.00,260.73,24770.00,-3.00,7.00,6.00,0.00,0.00,121.59,52.97,76.52,42.36,13.60,3.84,8.00,33.74,0.00,0.00,33.00,89.29,133.47,126.10,192.12,4.67,5.93,141.23,143.95,5.09,6.33,0.15,2.65,0.49,0.45,0.00,0.12
Romania,21.00,179.60,8420.00,347.80,16310.00,4.00,18.00,29.00,2.00,1.00,179.17,73.35,64.65,1.38,40.16,6.48,27.00,18.22,5.86,6.46,2.82,19.67,31.36,7.12,37.99,0.79,1.34,36.17,121.14,23.36,26.28,-0.74,1.76,0.64,0.99,0.25,0.06
Russian Federation,144.00,1822.70,12700.00,3260.62,22720.00,3.00,49.00,37.00,9.00,1.00,367.07,137.19,71.08,2.41,30.17,23.28,34.00,22.68,6.71,3.67,2.23,15.51,40.83,13.27,45.01,1.71,0.93,85.56,110.25,30.46,27.26,-0.21,2.29,1.84,0.19,0.09,0.02
Rwanda,11.00,6.20,560.00,13.90,1250.00,5.00,6.00,8.00,7.00,2.00,344.68,312.03,26.00,27.01,3.36,0.68,340.00,30.46,5.33,4.30,0.00,13.04,0.00,10.25,0.00,0.42,0.54,78.59,0.00,14.88,15.49,-0.47,2.03,1.76,0.83,0.00,0.00
Saudi Arabia,28.00,500.50,18030.00,694.40,25010.00,4.80,1.00,10.00,3.00,0.00,122.27,93.58,83.29,15.27,24.02,8.71,24.00,33.39,0.00,0.00,1.73,37.37,51.67,24.37,39.68,0.21,0.46,65.22,76.79,64.81,99.19,-0.39,2.11,0.10,1.12,0.00,0.03
Senegal,14.00,14.20,1040.00,26.30,1920.00,0.70,8.00,11.00,4.00,3.00,287.30,235.41,25.87,31.09,6.01,2.28,370.00,15.35,0.87,3.39,2.21,18.40,31.96,18.60,29.48,0.99,1.17,101.07,92.26,14.18,14.70,-0.12,2.38,2.29,0.38,0.08,0.01
Serbia,7.00,38.10,5280.00,80.80,11180.00,-1.20,6.00,4.00,2.00,0.00,147.45,80.52,61.47,25.54,28.35,7.64,12.00,14.89,3.67,2.23,3.25,14.08,43.17,49.11,50.97,2.08,1.52,0.00,118.06,33.44,36.07,-0.64,1.86,0.16,0.03,0.00,0.00
Sierra Leone,6.00,3.50,580.00,8.10,1360.00,13.00,2.00,6.00,10.00,4.00,458.91,438.27,13.87,8.66,1.22,0.91,890.00,32.61,0.51,17.26,0.00,9.10,18.94,2.03,8.89,0.00,0.47,22.32,46.97,10.08,14.47,1.47,3.97,0.63,2.78,0.00,0.00
Singapore,5.00,250.80,47210.00,324.60,61100.00,-1.10,0.00,0.00,2.00,1.00,75.16,44.25,72.22,16.56,15.82,12.19,3.00,60.90,0.00,0.00,48.23,98.17,128.10,97.85,112.57,6.23,6.10,99.67,87.88,97.94,100.10,0.79,3.29,0.00,0.00,0.00,0.00
Slovak Republic,5.00,92.90,17170.00,134.03,24770.00,1.80,5.00,7.00,0.00,0.00,184.24,74.28,79.41,10.63,36.68,6.50,6.00,49.29,0.00,0.00,5.27,66.90,54.81,51.06,49.70,2.81,3.00,76.33,90.67,22.39,1.96,0.25,2.75,1.06,0.17,0.08,0.04
South Africa,51.00,389.80,7610.00,572.60,11190.00,1.30,28.00,20.00,4.00,3.00,572.01,573.56,44.59,6.22,22.04,0.60,300.00,31.47,7.44,43.30,36.85,51.50,62.60,69.10,68.94,17.47,11.16,134.19,110.12,9.89,11.88,0.94,3.44,1.19,0.33,0.03,0.02
South Sudan,11.00,7.00,650.00,0.00,0.00,-57.70,0.00,0.00,0.00,0.00,0.00,0.00,0.00,0.00,0.00,0.00,0.00,0.00,0.00,0.00,0.00,0.00,0.00,0.00,0.00,0.00,0.00,0.00,0.00,0.00,0.00,-0.29,2.21,0.00,0.00,0.00,0.00
Spain,46.00,1391.40,30110.00,1493.85,32320.00,-1.50,16.00,12.00,2.00,1.00,94.21,42.62,82.42,18.87,21.94,16.55,6.00,46.30,0.00,0.00,23.82,78.89,150.90,97.77,205.40,5.97,4.91,123.94,136.11,1.47,2.70,-1.60,0.90,0.27,0.10,0.14,0.02
Sri Lanka,20.00,59.30,2920.00,124.50,6120.00,9.20,17.00,24.00,3.00,3.00,181.77,77.83,51.16,8.35,47.09,10.52,35.00,36.26,7.53,8.06,3.87,33.45,34.37,28.82,30.64,1.18,1.22,86.14,89.15,10.70,12.21,1.80,4.30,0.22,177.73,0.00,0.49
Sudan,37.00,53.80,1450.00,75.30,2030.00,0.60,17.00,17.00,11.00,17.00,261.99,207.70,21.71,25.66,4.05,1.66,730.00,22.67,9.49,20.74,0.55,5.67,15.90,2.12,11.23,0.33,0.44,37.45,70.59,4.93,0.74,1.71,4.21,1.39,0.97,0.04,0.09
Sweden,10.00,535.00,56210.00,420.15,44150.00,0.00,2.00,1.00,1.00,1.00,70.81,43.57,96.24,8.19,52.28,16.74,4.00,82.85,0.00,0.00,82.70,36.23,59.77,42.32,0.00,6.95,7.50,116.82,0.00,6.81,9.46,-1.10,1.40,0.05,0.08,0.01,0.06
Switzerland,8.00,661.60,82730.00,449.79,56240.00,-0.10,9.00,10.00,0.00,1.00,75.98,42.25,86.64,15.59,41.41,12.38,8.00,0.00,0.00,0.00,86.09,113.82,151.64,154.70,168.39,9.74,7.73,135.92,111.05,15.85,58.12,-1.10,1.40,0.25,0.10,0.08,0.07
Syrian Arab Republic,22.00,56.30,2610.00,116.50,5200.00,0.80,2.00,3.00,0.00,0.00,107.64,69.85,45.93,14.48,5.16,2.28,70.00,48.27,9.51,2.57,0.00,38.34,55.00,8.48,23.16,0.42,0.55,22.11,42.11,52.14,34.88,-0.36,2.14,0.17,0.05,0.00,0.00
Tajikistan,8.00,6.90,860.00,17.80,2220.00,5.40,16.00,18.00,3.00,2.00,220.63,125.36,46.40,4.90,43.73,4.58,65.00,13.80,0.81,8.96,0.00,3.23,0.00,13.56,0.00,0.06,0.41,0.00,0.00,5.89,6.46,-0.29,2.21,1.88,2.03,1.00,0.60
Tanzania,48.00,26.70,570.00,73.60,1590.00,3.70,17.00,21.00,12.00,8.00,350.97,331.12,32.47,49.03,1.16,0.60,460.00,40.14,2.56,7.41,1.24,13.83,28.75,4.59,17.68,0.57,0.72,33.15,61.50,15.80,15.67,-0.89,1.61,0.89,0.40,0.00,0.00
Thailand,67.00,347.90,5210.00,630.00,9430.00,6.10,44.00,38.00,1.00,5.00,201.44,99.46,61.85,27.40,10.10,8.80,48.00,60.05,24.07,7.40,11.43,106.60,103.85,108.26,108.55,2.47,4.21,101.56,104.53,32.43,50.65,-0.18,2.32,2.04,15.12,0.26,1.56
Togo,7.00,3.30,500.00,6.10,920.00,2.90,5.00,6.00,6.00,3.00,334.88,291.57,28.47,21.40,12.23,1.79,300.00,19.61,0.66,2.17,1.90,16.04,38.35,16.02,31.07,1.03,1.46,99.89,81.02,14.47,18.37,-0.01,2.49,0.06,1.15,0.00,0.00
Tunisia,11.00,44.80,4150.00,100.90,9360.00,2.60,0.00,0.00,0.00,0.00,121.07,68.07,58.89,18.03,15.07,6.24,56.00,25.05,6.06,0.00,0.76,46.76,55.12,60.48,72.25,1.36,1.63,129.34,131.08,18.29,19.02,-1.41,1.09,0.00,0.00,0.00,0.00
Turkey,74.00,801.10,10830.00,1345.73,18190.00,0.90,29.00,32.00,0.00,2.00,132.68,74.48,70.46,45.83,17.70,5.85,20.00,9.55,4.40,0.00,1.79,32.53,50.30,17.75,50.08,0.93,1.09,54.58,99.56,11.54,11.92,-0.59,1.91,30.20,1.58,0.85,0.04
Turkmenistan,5.00,28.70,5550.00,49.90,9640.00,9.70,2.00,0.00,0.00,0.00,301.59,157.83,0.00,0.00,0.00,0.00,67.00,44.54,0.00,2.09,0.00,0.00,0.00,0.00,0.00,0.00,0.26,21.94,0.00,0.00,0.00,-0.58,1.92,0.25,0.00,0.38,0.00
Uganda,36.00,16.00,440.00,41.40,1140.00,0.00,13.00,15.00,11.00,17.00,392.55,377.12,24.75,24.46,3.09,2.62,310.00,44.41,0.67,9.06,1.06,12.15,18.11,5.63,15.18,0.41,0.59,46.33,83.81,18.18,15.74,0.48,2.98,1.40,0.50,0.11,0.00
Ukraine,46.00,159.60,3500.00,332.50,7290.00,0.40,11.00,9.00,3.00,0.00,334.10,127.78,71.24,4.24,41.32,25.33,32.00,24.97,1.65,0.00,2.76,11.02,37.05,11.06,55.84,1.14,2.03,100.42,150.71,22.01,19.21,1.34,3.84,0.11,0.10,0.10,0.16
United Arab Emirates,9.00,321.70,36040.00,378.30,42380.00,-0.80,0.00,0.00,0.00,0.00,88.95,67.20,87.89,11.66,32.13,10.10,12.00,30.15,0.00,0.00,4.23,45.11,59.27,46.22,61.91,1.18,1.39,102.46,104.46,18.00,10.68,1.23,3.73,0.00,0.00,0.00,0.00
United Kingdom,63.00,2418.50,38250.00,2331.85,36880.00,-0.50,27.00,19.00,1.00,1.00,94.99,58.42,82.37,24.15,1.29,13.63,12.00,56.71,0.00,0.00,95.91,103.95,162.55,128.60,186.73,17.00,11.72,123.72,114.88,1.95,3.72,0.84,3.34,0.18,0.09,0.08,0.05
United States,314.00,15734.60,50120.00,15887.60,50610.00,1.50,211.00,184.00,3.00,1.00,134.94,79.04,90.64,1.88,36.18,31.59,21.00,66.77,0.00,0.00,44.18,65.06,79.21,50.45,55.10,7.06,6.86,77.54,69.55,1.72,2.62,-1.29,1.21,0.84,1.39,0.15,0.33
Uruguay,3.00,45.90,13510.00,52.90,15570.00,3.60,10.00,5.00,0.00,0.00,129.51,57.71,73.06,35.26,18.56,6.40,29.00,16.91,9.32,22.14,3.80,40.60,40.32,44.92,23.65,1.71,1.47,110.65,58.66,17.04,23.20,-1.28,1.22,0.15,0.63,0.11,0.01
Uzbekistan,30.00,51.30,1720.00,111.60,3750.00,6.60,1.00,2.00,1.00,0.00,242.40,138.48,54.20,0.00,0.00,0.00,28.00,31.40,0.77,4.26,0.54,0.00,0.00,0.00,0.00,0.18,0.30,0.00,0.00,0.00,0.00,-0.54,1.96,0.00,0.05,0.03,0.00
"Venezuela, RB",30.00,373.50,12470.00,393.00,13120.00,3.90,12.00,17.00,1.00,1.00,168.57,86.90,52.11,27.90,4.63,4.09,92.00,28.37,5.95,41.19,0.00,15.20,32.09,10.48,20.40,1.15,2.00,68.98,63.55,18.38,6.32,-1.33,1.17,128.75,0.75,0.36,0.01
Vietnam,89.00,124.10,1400.00,305.60,3440.00,3.90,48.00,67.00,3.00,5.00,129.42,86.84,55.63,38.48,11.43,3.01,59.00,35.27,17.52,3.10,4.20,32.78,94.80,35.26,111.63,0.63,1.27,107.55,117.75,24.05,11.33,-0.30,2.20,10.41,3.16,1.19,0.62
"Yemen, Rep.",24.00,26.00,1110.00,53.70,2310.00,-2.20,13.00,12.00,1.00,1.00,226.43,181.53,30.09,8.59,6.09,1.93,200.00,11.88,0.03,0.00,0.00,13.95,15.29,4.31,4.13,0.20,0.21,30.91,27.00,37.47,16.64,-1.47,1.03,3.39,1.28,1.92,0.00
Zambia,14.00,19.10,1350.00,22.80,1620.00,4.00,4.00,12.00,7.00,7.00,485.84,489.43,25.36,29.75,9.99,0.97,440.00,32.16,1.23,11.75,1.45,20.98,20.44,8.16,12.28,1.43,1.12,38.89,60.10,7.99,13.25,-1.47,1.03,0.05,0.44,0.06,0.00
Zimbabwe,14.00,9.30,680.00,0.00,0.00,2.20,6.00,10.00,10.00,10.00,516.90,570.88,25.48,21.84,9.35,0.68,570.00,39.85,14.55,6.18,0.00,0.00,0.00,0.00,0.00,0.00,0.00,0.00,0.00,2.42,7.33,-1.47,1.03,0.97,0.29,0.20,0.00
,,,,,,,,,,,,,,,,,,,,,,,,,,,,,,,,,,,,,
,,,,,,,,,,,,,,,,,,,,,,,,,,,,,,,,,,,,,
a. Calculated using the World Bank Atlas method.,,,,,,,,,,,,,,,,,,,,,,,,,,,,,,,,,,,,,
b. PPP is purchasing power parity; see the technical notes.,,,,,,,,,,,,,,,,,,,,,,,,,,,,,,,,,,,,,
c. Data are for the most recent year available. ,,,,,,,,,,,,,,,,,,,,,,,,,,,,,,,,,,,,,
d. The estimate is based on regression; others are extrapolated from the 2005 International Comparison Program benchmark estimates.,,,,,,,,,,,,,,,,,,,,,,,,,,,,,,,,,,,,,
"e. Estimated to be upper middle income ($4,086-$12,615).",,,,,,,,,,,,,,,,,,,,,,,,,,,,,,,,,,,,,
f. Excludes Abkhazia and South Ossetia.,,,,,,,,,,,,,,,,,,,,,,,,,,,,,,,,,,,,,
g. Excludes Transnistria.,,,,,,,,,,,,,,,,,,,,,,,,,,,,,,,,,,,,,
h. Includes Former Spanish Sahara.,,,,,,,,,,,,,,,,,,,,,,,,,,,,,,,,,,,,,
"i. Estimated to be low income ($1,035 or less).",,,,,,,,,,,,,,,,,,,,,,,,,,,,,,,,,,,,,
j. Excludes South Sudan.,,,,,,,,,,,,,,,,,,,,,,,,,,,,,,,,,,,,,
k. Covers mainland Tanzania only.,,,,,,,,,,,,,,,,,,,,,,,,,,,,,,,,,,,,,
"l. Estimated to be lower middle income ($1,036-$4,085).",,,,,,,,,,,,,,,,,,,,,,,,,,,,,,,,,,,,,
,,,,,,,,,,,,,,,,,,,,,,,,,,,,,,,,,,,,,
,,,,,,,,,,,,,,,,,,,,,,,,,,,,,,,,,,,,,
,,,,,,,,,,,,,,,,,,,,,,,,,,,,,,,,,,,,,
,,,,,,,,,,,,,,,,,,,,,,,,,,,,,,,,,,,,,
,,,,,,,,,,,,,,,,,,,,,,,,,,,,,,,,,,,,,
,,,,,,,,,,,,,,,,,,,,,,,,,,,,,,,,,,,,,
,,,,,,,,,,,,,,,,,,,,,,,,,,,,,,,,,,,,,
,,,,,,,,,,,,,,,,,,,,,,,,,,,,,,,,,,,,,
,,,,,,,,,,,,,,,,,,,,,,,,,,,,,,,,,,,,,
,,,,,,,,,,,,,,,,,,,,,,,,,,,,,,,,,,,,,
,,,,,,,,,,,,,,,,,,,,,,,,,,,,,,,,,,,,,
,,,,,,,,,,,,,,,,,,,,,,,,,,,,,,,,,,,,,
,,,,,,,,,,,,,,,,,,,,,,,,,,,,,,,,,,,,,
,,,,,,,,,,,,,,,,,,,,,,,,,,,,,,,,,,,,,
,,,,,,,,,,,,,,,,,,,,,,,,,,,,,,,,,,,,,
,,,,,,,,,,,,,,,,,,,,,,,,,,,,,,,,,,,,,
,,,,,,,,,,,,,,,,,,,,,,,,,,,,,,,,,,,,,
,,,,,,,,,,,,,,,,,,,,,,,,,,,,,,,,,,,,,
,,,,,,,,,,,,,,,,,,,,,,,,,,,,,,,,,,,,,
,,,,,,,,,,,,,,,,,,,,,,,,,,,,,,,,,,,,,
,,,,,,,,,,,,,,,,,,,,,,,,,,,,,,,,,,,,,
,,,,,,,,,,,,,,,,,,,,,,,,,,,,,,,,,,,,,
,,,,,,,,,,,,,,,,,,,,,,,,,,,,,,,,,,,,,
,,,,,,,,,,,,,,,,,,,,,,,,,,,,,,,,,,,,,
,,,,,,,,,,,,,,,,,,,,,,,,,,,,,,,,,,,,,
,,,,,,,,,,,,,,,,,,,,,,,,,,,,,,,,,,,,,
,,,,,,,,,,,,,,,,,,,,,,,,,,,,,,,,,,,,,
,,,,,,,,,,,,,,,,,,,,,,,,,,,,,,,,,,,,,
,,,,,,,,,,,,,,,,,,,,,,,,,,,,,,,,,,,,,
,,,,,,,,,,,,,,,,,,,,,,,,,,,,,,,,,,,,,
,,,,,,,,,,,,,,,,,,,,,,,,,,,,,,,,,,,,,
,,,,,,,,,,,,,,,,,,,,,,,,,,,,,,,,,,,,,
,,,,,,,,,,,,,,,,,,,,,,,,,,,,,,,,,,,,,
,,,,,,,,,,,,,,,,,,,,,,,,,,,,,,,,,,,,,
,,,,,,,,,,,,,,,,,,,,,,,,,,,,,,,,,,,,,
,,,,,,,,,,,,,,,,,,,,,,,,,,,,,,,,,,,,,
,,,,,,,,,,,,,,,,,,,,,,,,,,,,,,,,,,,,,
,,,,,,,,,,,,,,,,,,,,,,,,,,,,,,,,,,,,,
,,,,,,,,,,,,,,,,,,,,,,,,,,,,,,,,,,,,,
,,,,,,,,,,,,,,,,,,,,,,,,,,,,,,,,,,,,,
,,,,,,,,,,,,,,,,,,,,,,,,,,,,,,,,,,,,,
,,,,,,,,,,,,,,,,,,,,,,,,,,,,,,,,,,,,,
,,,,,,,,,,,,,,,,,,,,,,,,,,,,,,,,,,,,,
,,,,,,,,,,,,,,,,,,,,,,,,,,,,,,,,,,,,,
,,,,,,,,,,,,,,,,,,,,,,,,,,,,,,,,,,,,,
,,,,,,,,,,,,,,,,,,,,,,,,,,,,,,,,,,,,,
,,,,,,,,,,,,,,,,,,,,,,,,,,,,,,,,,,,,,
,,,,,,,,,,,,,,,,,,,,,,,,,,,,,,,,,,,,,
,,,,,,,,,,,,,,,,,,,,,,,,,,,,,,,,,,,,,
,,,,,,,,,,,,,,,,,,,,,,,,,,,,,,,,,,,,,
,,,,,,,,,,,,,,,,,,,,,,,,,,,,,,,,,,,,,
,,,,,,,,,,,,,,,,,,,,,,,,,,,,,,,,,,,,,
,,,,,,,,,,,,,,,,,,,,,,,,,,,,,,,,,,,,,
,,,,,,,,,,,,,,,,,,,,,,,,,,,,,,,,,,,,,
,,,,,,,,,,,,,,,,,,,,,,,,,,,,,,,,,,,,,
,,,,,,,,,,,,,,,,,,,,,,,,,,,,,,,,,,,,,
,,,,,,,,,,,,,,,,,,,,,,,,,,,,,,,,,,,,,
,,,,,,,,,,,,,,,,,,,,,,,,,,,,,,,,,,,,,
,,,,,,,,,,,,,,,,,,,,,,,,,,,,,,,,,,,,,
,,,,,,,,,,,,,,,,,,,,,,,,,,,,,,,,,,,,,
,,,,,,,,,,,,,,,,,,,,,,,,,,,,,,,,,,,,,
,,,,,,,,,,,,,,,,,,,,,,,,,,,,,,,,,,,,,
,,,,,,,,,,,,,,,,,,,,,,,,,,,,,,,,,,,,,
,,,,,,,,,,,,,,,,,,,,,,,,,,,,,,,,,,,,,
,,,,,,,,,,,,,,,,,,,,,,,,,,,,,,,,,,,,,
,,,,,,,,,,,,,,,,,,,,,,,,,,,,,,,,,,,,,
,,,,,,,,,,,,,,,,,,,,,,,,,,,,,,,,,,,,,
,,,,,,,,,,,,,,,,,,,,,,,,,,,,,,,,,,,,,
,,,,,,,,,,,,,,,,,,,,,,,,,,,,,,,,,,,,,
,,,,,,,,,,,,,,,,,,,,,,,,,,,,,,,,,,,,,
,,,,,,,,,,,,,,,,,,,,,,,,,,,,,,,,,,,,,
,,,,,,,,,,,,,,,,,,,,,,,,,,,,,,,,,,,,,
,,,,,,,,,,,,,,,,,,,,,,,,,,,,,,,,,,,,,
,,,,,,,,,,,,,,,,,,,,,,,,,,,,,,,,,,,,,
,,,,,,,,,,,,,,,,,,,,,,,,,,,,,,,,,,,,,
,,,,,,,,,,,,,,,,,,,,,,,,,,,,,,,,,,,,,
,,,,,,,,,,,,,,,,,,,,,,,,,,,,,,,,,,,,,
,,,,,,,,,,,,,,,,,,,,,,,,,,,,,,,,,,,,,
,,,,,,,,,,,,,,,,,,,,,,,,,,,,,,,,,,,,,
,,,,,,,,,,,,,,,,,,,,,,,,,,,,,,,,,,,,,
,,,,,,,,,,,,,,,,,,,,,,,,,,,,,,,,,,,,,
,,,,,,,,,,,,,,,,,,,,,,,,,,,,,,,,,,,,,
,,,,,,,,,,,,,,,,,,,,,,,,,,,,,,,,,,,,,
,,,,,,,,,,,,,,,,,,,,,,,,,,,,,,,,,,,,,
,,,,,,,,,,,,,,,,,,,,,,,,,,,,,,,,,,,,,
,,,,,,,,,,,,,,,,,,,,,,,,,,,,,,,,,,,,,
,,,,,,,,,,,,,,,,,,,,,,,,,,,,,,,,,,,,,
,,,,,,,,,,,,,,,,,,,,,,,,,,,,,,,,,,,,,
,,,,,,,,,,,,,,,,,,,,,,,,,,,,,,,,,,,,,
,,,,,,,,,,,,,,,,,,,,,,,,,,,,,,,,,,,,,
,,,,,,,,,,,,,,,,,,,,,,,,,,,,,,,,,,,,,
,,,,,,,,,,,,,,,,,,,,,,,,,,,,,,,,,,,,,
,,,,,,,,,,,,,,,,,,,,,,,,,,,,,,,,,,,,,
,,,,,,,,,,,,,,,,,,,,,,,,,,,,,,,,,,,,,
,,,,,,,,,,,,,,,,,,,,,,,,,,,,,,,,,,,,,
,,,,,,,,,,,,,,,,,,,,,,,,,,,,,,,,,,,,,
,,,,,,,,,,,,,,,,,,,,,,,,,,,,,,,,,,,,,
,,,,,,,,,,,,,,,,,,,,,,,,,,,,,,,,,,,,,
,,,,,,,,,,,,,,,,,,,,,,,,,,,,,,,,,,,,,
,,,,,,,,,,,,,,,,,,,,,,,,,,,,,,,,,,,,,
,,,,,,,,,,,,,,,,,,,,,,,,,,,,,,,,,,,,,
,,,,,,,,,,,,,,,,,,,,,,,,,,,,,,,,,,,,,
,,,,,,,,,,,,,,,,,,,,,,,,,,,,,,,,,,,,,
,,,,,,,,,,,,,,,,,,,,,,,,,,,,,,,,,,,,,
,,,,,,,,,,,,,,,,,,,,,,,,,,,,,,,,,,,,,
,,,,,,,,,,,,,,,,,,,,,,,,,,,,,,,,,,,,,
,,,,,,,,,,,,,,,,,,,,,,,,,,,,,,,,,,,,,
,,,,,,,,,,,,,,,,,,,,,,,,,,,,,,,,,,,,,
,,,,,,,,,,,,,,,,,,,,,,,,,,,,,,,,,,,,,
,,,,,,,,,,,,,,,,,,,,,,,,,,,,,,,,,,,,,
,,,,,,,,,,,,,,,,,,,,,,,,,,,,,,,,,,,,,
,,,,,,,,,,,,,,,,,,,,,,,,,,,,,,,,,,,,,
,,,,,,,,,,,,,,,,,,,,,,,,,,,,,,,,,,,,,
,,,,,,,,,,,,,,,,,,,,,,,,,,,,,,,,,,,,,
,,,,,,,,,,,,,,,,,,,,,,,,,,,,,,,,,,,,,
,,,,,,,,,,,,,,,,,,,,,,,,,,,,,,,,,,,,,
,,,,,,,,,,,,,,,,,,,,,,,,,,,,,,,,,,,,,
,,,,,,,,,,,,,,,,,,,,,,,,,,,,,,,,,,,,,
,,,,,,,,,,,,,,,,,,,,,,,,,,,,,,,,,,,,,
,,,,,,,,,,,,,,,,,,,,,,,,,,,,,,,,,,,,,
,,,,,,,,,,,,,,,,,,,,,,,,,,,,,,,,,,,,,
,,,,,,,,,,,,,,,,,,,,,,,,,,,,,,,,,,,,,
,,,,,,,,,,,,,,,,,,,,,,,,,,,,,,,,,,,,,
,,,,,,,,,,,,,,,,,,,,,,,,,,,,,,,,,,,,,
,,,,,,,,,,,,,,,,,,,,,,,,,,,,,,,,,,,,,
,,,,,,,,,,,,,,,,,,,,,,,,,,,,,,,,,,,,,
,,,,,,,,,,,,,,,,,,,,,,,,,,,,,,,,,,,,,
,,,,,,,,,,,,,,,,,,,,,,,,,,,,,,,,,,,,,
,,,,,,,,,,,,,,,,,,,,,,,,,,,,,,,,,,,,,
,,,,,,,,,,,,,,,,,,,,,,,,,,,,,,,,,,,,,
,,,,,,,,,,,,,,,,,,,,,,,,,,,,,,,,,,,,,
,,,,,,,,,,,,,,,,,,,,,,,,,,,,,,,,,,,,,
,,,,,,,,,,,,,,,,,,,,,,,,,,,,,,,,,,,,,
,,,,,,,,,,,,,,,,,,,,,,,,,,,,,,,,,,,,,
,,,,,,,,,,,,,,,,,,,,,,,,,,,,,,,,,,,,,
,,,,,,,,,,,,,,,,,,,,,,,,,,,,,,,,,,,,,
,,,,,,,,,,,,,,,,,,,,,,,,,,,,,,,,,,,,,
,,,,,,,,,,,,,,,,,,,,,,,,,,,,,,,,,,,,,
,,,,,,,,,,,,,,,,,,,,,,,,,,,,,,,,,,,,,
,,,,,,,,,,,,,,,,,,,,,,,,,,,,,,,,,,,,,
,,,,,,,,,,,,,,,,,,,,,,,,,,,,,,,,,,,,,
,,,,,,,,,,,,,,,,,,,,,,,,,,,,,,,,,,,,,
,,,,,,,,,,,,,,,,,,,,,,,,,,,,,,,,,,,,,
,,,,,,,,,,,,,,,,,,,,,,,,,,,,,,,,,,,,,
,,,,,,,,,,,,,,,,,,,,,,,,,,,,,,,,,,,,,
,,,,,,,,,,,,,,,,,,,,,,,,,,,,,,,,,,,,,
,,,,,,,,,,,,,,,,,,,,,,,,,,,,,,,,,,,,,
,,,,,,,,,,,,,,,,,,,,,,,,,,,,,,,,,,,,,
,,,,,,,,,,,,,,,,,,,,,,,,,,,,,,,,,,,,,
,,,,,,,,,,,,,,,,,,,,,,,,,,,,,,,,,,,,,
,,,,,,,,,,,,,,,,,,,,,,,,,,,,,,,,,,,,,
,,,,,,,,,,,,,,,,,,,,,,,,,,,,,,,,,,,,,
,,,,,,,,,,,,,,,,,,,,,,,,,,,,,,,,,,,,,
,,,,,,,,,,,,,,,,,,,,,,,,,,,,,,,,,,,,,
,,,,,,,,,,,,,,,,,,,,,,,,,,,,,,,,,,,,,
,,,,,,,,,,,,,,,,,,,,,,,,,,,,,,,,,,,,,
,,,,,,,,,,,,,,,,,,,,,,,,,,,,,,,,,,,,,
,,,,,,,,,,,,,,,,,,,,,,,,,,,,,,,,,,,,,
,,,,,,,,,,,,,,,,,,,,,,,,,,,,,,,,,,,,,
,,,,,,,,,,,,,,,,,,,,,,,,,,,,,,,,,,,,,
,,,,,,,,,,,,,,,,,,,,,,,,,,,,,,,,,,,,,
,,,,,,,,,,,,,,,,,,,,,,,,,,,,,,,,,,,,,
,,,,,,,,,,,,,,,,,,,,,,,,,,,,,,,,,,,,,
,,,,,,,,,,,,,,,,,,,,,,,,,,,,,,,,,,,,,
,,,,,,,,,,,,,,,,,,,,,,,,,,,,,,,,,,,,,
,,,,,,,,,,,,,,,,,,,,,,,,,,,,,,,,,,,,,
,,,,,,,,,,,,,,,,,,,,,,,,,,,,,,,,,,,,,
,,,,,,,,,,,,,,,,,,,,,,,,,,,,,,,,,,,,,
,,,,,,,,,,,,,,,,,,,,,,,,,,,,,,,,,,,,,
,,,,,,,,,,,,,,,,,,,,,,,,,,,,,,,,,,,,,
,,,,,,,,,,,,,,,,,,,,,,,,,,,,,,,,,,,,,
,,,,,,,,,,,,,,,,,,,,,,,,,,,,,,,,,,,,,
,,,,,,,,,,,,,,,,,,,,,,,,,,,,,,,,,,,,,
,,,,,,,,,,,,,,,,,,,,,,,,,,,,,,,,,,,,,
,,,,,,,,,,,,,,,,,,,,,,,,,,,,,,,,,,,,,
,,,,,,,,,,,,,,,,,,,,,,,,,,,,,,,,,,,,,
,,,,,,,,,,,,,,,,,,,,,,,,,,,,,,,,,,,,,
,,,,,,,,,,,,,,,,,,,,,,,,,,,,,,,,,,,,,
,,,,,,,,,,,,,,,,,,,,,,,,,,,,,,,,,,,,,
,,,,,,,,,,,,,,,,,,,,,,,,,,,,,,,,,,,,,
,,,,,,,,,,,,,,,,,,,,,,,,,,,,,,,,,,,,,
,,,,,,,,,,,,,,,,,,,,,,,,,,,,,,,,,,,,,
,,,,,,,,,,,,,,,,,,,,,,,,,,,,,,,,,,,,,
,,,,,,,,,,,,,,,,,,,,,,,,,,,,,,,,,,,,,
,,,,,,,,,,,,,,,,,,,,,,,,,,,,,,,,,,,,,
,,,,,,,,,,,,,,,,,,,,,,,,,,,,,,,,,,,,,
,,,,,,,,,,,,,,,,,,,,,,,,,,,,,,,,,,,,,
,,,,,,,,,,,,,,,,,,,,,,,,,,,,,,,,,,,,,
,,,,,,,,,,,,,,,,,,,,,,,,,,,,,,,,,,,,,
,,,,,,,,,,,,,,,,,,,,,,,,,,,,,,,,,,,,,
,,,,,,,,,,,,,,,,,,,,,,,,,,,,,,,,,,,,,
,,,,,,,,,,,,,,,,,,,,,,,,,,,,,,,,,,,,,
,,,,,,,,,,,,,,,,,,,,,,,,,,,,,,,,,,,,,
,,,,,,,,,,,,,,,,,,,,,,,,,,,,,,,,,,,,,
,,,,,,,,,,,,,,,,,,,,,,,,,,,,,,,,,,,,,
,,,,,,,,,,,,,,,,,,,,,,,,,,,,,,,,,,,,,
,,,,,,,,,,,,,,,,,,,,,,,,,,,,,,,,,,,,,
,,,,,,,,,,,,,,,,,,,,,,,,,,,,,,,,,,,,,
,,,,,,,,,,,,,,,,,,,,,,,,,,,,,,,,,,,,,
,,,,,,,,,,,,,,,,,,,,,,,,,,,,,,,,,,,,,
,,,,,,,,,,,,,,,,,,,,,,,,,,,,,,,,,,,,,
,,,,,,,,,,,,,,,,,,,,,,,,,,,,,,,,,,,,,
,,,,,,,,,,,,,,,,,,,,,,,,,,,,,,,,,,,,,
,,,,,,,,,,,,,,,,,,,,,,,,,,,,,,,,,,,,,
,,,,,,,,,,,,,,,,,,,,,,,,,,,,,,,,,,,,,
,,,,,,,,,,,,,,,,,,,,,,,,,,,,,,,,,,,,,
,,,,,,,,,,,,,,,,,,,,,,,,,,,,,,,,,,,,,
,,,,,,,,,,,,,,,,,,,,,,,,,,,,,,,,,,,,,
,,,,,,,,,,,,,,,,,,,,,,,,,,,,,,,,,,,,,
,,,,,,,,,,,,,,,,,,,,,,,,,,,,,,,,,,,,,
,,,,,,,,,,,,,,,,,,,,,,,,,,,,,,,,,,,,,
,,,,,,,,,,,,,,,,,,,,,,,,,,,,,,,,,,,,,
,,,,,,,,,,,,,,,,,,,,,,,,,,,,,,,,,,,,,
,,,,,,,,,,,,,,,,,,,,,,,,,,,,,,,,,,,,,
,,,,,,,,,,,,,,,,,,,,,,,,,,,,,,,,,,,,,
,,,,,,,,,,,,,,,,,,,,,,,,,,,,,,,,,,,,,
,,,,,,,,,,,,,,,,,,,,,,,,,,,,,,,,,,,,,
,,,,,,,,,,,,,,,,,,,,,,,,,,,,,,,,,,,,,
,,,,,,,,,,,,,,,,,,,,,,,,,,,,,,,,,,,,,
,,,,,,,,,,,,,,,,,,,,,,,,,,,,,,,,,,,,,
,,,,,,,,,,,,,,,,,,,,,,,,,,,,,,,,,,,,,
,,,,,,,,,,,,,,,,,,,,,,,,,,,,,,,,,,,,,
,,,,,,,,,,,,,,,,,,,,,,,,,,,,,,,,,,,,,
,,,,,,,,,,,,,,,,,,,,,,,,,,,,,,,,,,,,,
,,,,,,,,,,,,,,,,,,,,,,,,,,,,,,,,,,,,,
,,,,,,,,,,,,,,,,,,,,,,,,,,,,,,,,,,,,,
,,,,,,,,,,,,,,,,,,,,,,,,,,,,,,,,,,,,,
,,,,,,,,,,,,,,,,,,,,,,,,,,,,,,,,,,,,,
,,,,,,,,,,,,,,,,,,,,,,,,,,,,,,,,,,,,,
,,,,,,,,,,,,,,,,,,,,,,,,,,,,,,,,,,,,,
,,,,,,,,,,,,,,,,,,,,,,,,,,,,,,,,,,,,,
,,,,,,,,,,,,,,,,,,,,,,,,,,,,,,,,,,,,,
,,,,,,,,,,,,,,,,,,,,,,,,,,,,,,,,,,,,,
,,,,,,,,,,,,,,,,,,,,,,,,,,,,,,,,,,,,,
,,,,,,,,,,,,,,,,,,,,,,,,,,,,,,,,,,,,,
,,,,,,,,,,,,,,,,,,,,,,,,,,,,,,,,,,,,,
,,,,,,,,,,,,,,,,,,,,,,,,,,,,,,,,,,,,,
,,,,,,,,,,,,,,,,,,,,,,,,,,,,,,,,,,,,,
,,,,,,,,,,,,,,,,,,,,,,,,,,,,,,,,,,,,,
,,,,,,,,,,,,,,,,,,,,,,,,,,,,,,,,,,,,,
,,,,,,,,,,,,,,,,,,,,,,,,,,,,,,,,,,,,,
,,,,,,,,,,,,,,,,,,,,,,,,,,,,,,,,,,,,,
,,,,,,,,,,,,,,,,,,,,,,,,,,,,,,,,,,,,,
,,,,,,,,,,,,,,,,,,,,,,,,,,,,,,,,,,,,,
,,,,,,,,,,,,,,,,,,,,,,,,,,,,,,,,,,,,,
,,,,,,,,,,,,,,,,,,,,,,,,,,,,,,,,,,,,,
,,,,,,,,,,,,,,,,,,,,,,,,,,,,,,,,,,,,,
,,,,,,,,,,,,,,,,,,,,,,,,,,,,,,,,,,,,,
,,,,,,,,,,,,,,,,,,,,,,,,,,,,,,,,,,,,,
,,,,,,,,,,,,,,,,,,,,,,,,,,,,,,,,,,,,,
,,,,,,,,,,,,,,,,,,,,,,,,,,,,,,,,,,,,,
,,,,,,,,,,,,,,,,,,,,,,,,,,,,,,,,,,,,,
,,,,,,,,,,,,,,,,,,,,,,,,,,,,,,,,,,,,,
,,,,,,,,,,,,,,,,,,,,,,,,,,,,,,,,,,,,,
,,,,,,,,,,,,,,,,,,,,,,,,,,,,,,,,,,,,,
,,,,,,,,,,,,,,,,,,,,,,,,,,,,,,,,,,,,,
,,,,,,,,,,,,,,,,,,,,,,,,,,,,,,,,,,,,,
,,,,,,,,,,,,,,,,,,,,,,,,,,,,,,,,,,,,,
,,,,,,,,,,,,,,,,,,,,,,,,,,,,,,,,,,,,,
,,,,,,,,,,,,,,,,,,,,,,,,,,,,,,,,,,,,,
,,,,,,,,,,,,,,,,,,,,,,,,,,,,,,,,,,,,,
,,,,,,,,,,,,,,,,,,,,,,,,,,,,,,,,,,,,,
,,,,,,,,,,,,,,,,,,,,,,,,,,,,,,,,,,,,,
,,,,,,,,,,,,,,,,,,,,,,,,,,,,,,,,,,,,,
,,,,,,,,,,,,,,,,,,,,,,,,,,,,,,,,,,,,,
,,,,,,,,,,,,,,,,,,,,,,,,,,,,,,,,,,,,,
,,,,,,,,,,,,,,,,,,,,,,,,,,,,,,,,,,,,,
,,,,,,,,,,,,,,,,,,,,,,,,,,,,,,,,,,,,,
,,,,,,,,,,,,,,,,,,,,,,,,,,,,,,,,,,,,,
,,,,,,,,,,,,,,,,,,,,,,,,,,,,,,,,,,,,,
,,,,,,,,,,,,,,,,,,,,,,,,,,,,,,,,,,,,,
,,,,,,,,,,,,,,,,,,,,,,,,,,,,,,,,,,,,,
,,,,,,,,,,,,,,,,,,,,,,,,,,,,,,,,,,,,,
,,,,,,,,,,,,,,,,,,,,,,,,,,,,,,,,,,,,,
,,,,,,,,,,,,,,,,,,,,,,,,,,,,,,,,,,,,,
,,,,,,,,,,,,,,,,,,,,,,,,,,,,,,,,,,,,,
,,,,,,,,,,,,,,,,,,,,,,,,,,,,,,,,,,,,,
,,,,,,,,,,,,,,,,,,,,,,,,,,,,,,,,,,,,,
,,,,,,,,,,,,,,,,,,,,,,,,,,,,,,,,,,,,,
,,,,,,,,,,,,,,,,,,,,,,,,,,,,,,,,,,,,,
,,,,,,,,,,,,,,,,,,,,,,,,,,,,,,,,,,,,,
,,,,,,,,,,,,,,,,,,,,,,,,,,,,,,,,,,,,,
,,,,,,,,,,,,,,,,,,,,,,,,,,,,,,,,,,,,,
,,,,,,,,,,,,,,,,,,,,,,,,,,,,,,,,,,,,,
,,,,,,,,,,,,,,,,,,,,,,,,,,,,,,,,,,,,,
,,,,,,,,,,,,,,,,,,,,,,,,,,,,,,,,,,,,,
,,,,,,,,,,,,,,,,,,,,,,,,,,,,,,,,,,,,,
,,,,,,,,,,,,,,,,,,,,,,,,,,,,,,,,,,,,,
,,,,,,,,,,,,,,,,,,,,,,,,,,,,,,,,,,,,,
,,,,,,,,,,,,,,,,,,,,,,,,,,,,,,,,,,,,,
,,,,,,,,,,,,,,,,,,,,,,,,,,,,,,,,,,,,,
,,,,,,,,,,,,,,,,,,,,,,,,,,,,,,,,,,,,,
,,,,,,,,,,,,,,,,,,,,,,,,,,,,,,,,,,,,,
,,,,,,,,,,,,,,,,,,,,,,,,,,,,,,,,,,,,,
,,,,,,,,,,,,,,,,,,,,,,,,,,,,,,,,,,,,,
,,,,,,,,,,,,,,,,,,,,,,,,,,,,,,,,,,,,,
,,,,,,,,,,,,,,,,,,,,,,,,,,,,,,,,,,,,,
,,,,,,,,,,,,,,,,,,,,,,,,,,,,,,,,,,,,,
,,,,,,,,,,,,,,,,,,,,,,,,,,,,,,,,,,,,,
,,,,,,,,,,,,,,,,,,,,,,,,,,,,,,,,,,,,,
,,,,,,,,,,,,,,,,,,,,,,,,,,,,,,,,,,,,,
,,,,,,,,,,,,,,,,,,,,,,,,,,,,,,,,,,,,,
,,,,,,,,,,,,,,,,,,,,,,,,,,,,,,,,,,,,,
,,,,,,,,,,,,,,,,,,,,,,,,,,,,,,,,,,,,,
,,,,,,,,,,,,,,,,,,,,,,,,,,,,,,,,,,,,,
,,,,,,,,,,,,,,,,,,,,,,,,,,,,,,,,,,,,,
,,,,,,,,,,,,,,,,,,,,,,,,,,,,,,,,,,,,,
,,,,,,,,,,,,,,,,,,,,,,,,,,,,,,,,,,,,,
,,,,,,,,,,,,,,,,,,,,,,,,,,,,,,,,,,,,,
,,,,,,,,,,,,,,,,,,,,,,,,,,,,,,,,,,,,,
,,,,,,,,,,,,,,,,,,,,,,,,,,,,,,,,,,,,,
,,,,,,,,,,,,,,,,,,,,,,,,,,,,,,,,,,,,,
,,,,,,,,,,,,,,,,,,,,,,,,,,,,,,,,,,,,,
,,,,,,,,,,,,,,,,,,,,,,,,,,,,,,,,,,,,,
,,,,,,,,,,,,,,,,,,,,,,,,,,,,,,,,,,,,,
,,,,,,,,,,,,,,,,,,,,,,,,,,,,,,,,,,,,,
,,,,,,,,,,,,,,,,,,,,,,,,,,,,,,,,,,,,,
,,,,,,,,,,,,,,,,,,,,,,,,,,,,,,,,,,,,,
,,,,,,,,,,,,,,,,,,,,,,,,,,,,,,,,,,,,,
,,,,,,,,,,,,,,,,,,,,,,,,,,,,,,,,,,,,,
,,,,,,,,,,,,,,,,,,,,,,,,,,,,,,,,,,,,,
,,,,,,,,,,,,,,,,,,,,,,,,,,,,,,,,,,,,,
,,,,,,,,,,,,,,,,,,,,,,,,,,,,,,,,,,,,,
,,,,,,,,,,,,,,,,,,,,,,,,,,,,,,,,,,,,,
,,,,,,,,,,,,,,,,,,,,,,,,,,,,,,,,,,,,,
,,,,,,,,,,,,,,,,,,,,,,,,,,,,,,,,,,,,,
,,,,,,,,,,,,,,,,,,,,,,,,,,,,,,,,,,,,,
,,,,,,,,,,,,,,,,,,,,,,,,,,,,,,,,,,,,,
,,,,,,,,,,,,,,,,,,,,,,,,,,,,,,,,,,,,,
,,,,,,,,,,,,,,,,,,,,,,,,,,,,,,,,,,,,,
,,,,,,,,,,,,,,,,,,,,,,,,,,,,,,,,,,,,,
,,,,,,,,,,,,,,,,,,,,,,,,,,,,,,,,,,,,,
,,,,,,,,,,,,,,,,,,,,,,,,,,,,,,,,,,,,,
,,,,,,,,,,,,,,,,,,,,,,,,,,,,,,,,,,,,,
,,,,,,,,,,,,,,,,,,,,,,,,,,,,,,,,,,,,,
,,,,,,,,,,,,,,,,,,,,,,,,,,,,,,,,,,,,,
,,,,,,,,,,,,,,,,,,,,,,,,,,,,,,,,,,,,,
,,,,,,,,,,,,,,,,,,,,,,,,,,,,,,,,,,,,,
,,,,,,,,,,,,,,,,,,,,,,,,,,,,,,,,,,,,,
,,,,,,,,,,,,,,,,,,,,,,,,,,,,,,,,,,,,,
,,,,,,,,,,,,,,,,,,,,,,,,,,,,,,,,,,,,,
,,,,,,,,,,,,,,,,,,,,,,,,,,,,,,,,,,,,,
,,,,,,,,,,,,,,,,,,,,,,,,,,,,,,,,,,,,,
,,,,,,,,,,,,,,,,,,,,,,,,,,,,,,,,,,,,,
,,,,,,,,,,,,,,,,,,,,,,,,,,,,,,,,,,,,,
,,,,,,,,,,,,,,,,,,,,,,,,,,,,,,,,,,,,,
,,,,,,,,,,,,,,,,,,,,,,,,,,,,,,,,,,,,,
,,,,,,,,,,,,,,,,,,,,,,,,,,,,,,,,,,,,,
,,,,,,,,,,,,,,,,,,,,,,,,,,,,,,,,,,,,,
,,,,,,,,,,,,,,,,,,,,,,,,,,,,,,,,,,,,,
,,,,,,,,,,,,,,,,,,,,,,,,,,,,,,,,,,,,,
,,,,,,,,,,,,,,,,,,,,,,,,,,,,,,,,,,,,,
,,,,,,,,,,,,,,,,,,,,,,,,,,,,,,,,,,,,,
,,,,,,,,,,,,,,,,,,,,,,,,,,,,,,,,,,,,,
,,,,,,,,,,,,,,,,,,,,,,,,,,,,,,,,,,,,,
,,,,,,,,,,,,,,,,,,,,,,,,,,,,,,,,,,,,,
,,,,,,,,,,,,,,,,,,,,,,,,,,,,,,,,,,,,,
,,,,,,,,,,,,,,,,,,,,,,,,,,,,,,,,,,,,,
,,,,,,,,,,,,,,,,,,,,,,,,,,,,,,,,,,,,,
,,,,,,,,,,,,,,,,,,,,,,,,,,,,,,,,,,,,,
,,,,,,,,,,,,,,,,,,,,,,,,,,,,,,,,,,,,,
,,,,,,,,,,,,,,,,,,,,,,,,,,,,,,,,,,,,,
,,,,,,,,,,,,,,,,,,,,,,,,,,,,,,,,,,,,,
,,,,,,,,,,,,,,,,,,,,,,,,,,,,,,,,,,,,,
,,,,,,,,,,,,,,,,,,,,,,,,,,,,,,,,,,,,,
,,,,,,,,,,,,,,,,,,,,,,,,,,,,,,,,,,,,,
,,,,,,,,,,,,,,,,,,,,,,,,,,,,,,,,,,,,,
,,,,,,,,,,,,,,,,,,,,,,,,,,,,,,,,,,,,,
,,,,,,,,,,,,,,,,,,,,,,,,,,,,,,,,,,,,,
,,,,,,,,,,,,,,,,,,,,,,,,,,,,,,,,,,,,,
,,,,,,,,,,,,,,,,,,,,,,,,,,,,,,,,,,,,,
,,,,,,,,,,,,,,,,,,,,,,,,,,,,,,,,,,,,,
,,,,,,,,,,,,,,,,,,,,,,,,,,,,,,,,,,,,,
,,,,,,,,,,,,,,,,,,,,,,,,,,,,,,,,,,,,,
,,,,,,,,,,,,,,,,,,,,,,,,,,,,,,,,,,,,,
,,,,,,,,,,,,,,,,,,,,,,,,,,,,,,,,,,,,,
,,,,,,,,,,,,,,,,,,,,,,,,,,,,,,,,,,,,,
,,,,,,,,,,,,,,,,,,,,,,,,,,,,,,,,,,,,,
,,,,,,,,,,,,,,,,,,,,,,,,,,,,,,,,,,,,,
,,,,,,,,,,,,,,,,,,,,,,,,,,,,,,,,,,,,,
,,,,,,,,,,,,,,,,,,,,,,,,,,,,,,,,,,,,,
,,,,,,,,,,,,,,,,,,,,,,,,,,,,,,,,,,,,,
,,,,,,,,,,,,,,,,,,,,,,,,,,,,,,,,,,,,,
,,,,,,,,,,,,,,,,,,,,,,,,,,,,,,,,,,,,,
,,,,,,,,,,,,,,,,,,,,,,,,,,,,,,,,,,,,,
,,,,,,,,,,,,,,,,,,,,,,,,,,,,,,,,,,,,,
,,,,,,,,,,,,,,,,,,,,,,,,,,,,,,,,,,,,,
,,,,,,,,,,,,,,,,,,,,,,,,,,,,,,,,,,,,,
,,,,,,,,,,,,,,,,,,,,,,,,,,,,,,,,,,,,,
,,,,,,,,,,,,,,,,,,,,,,,,,,,,,,,,,,,,,
,,,,,,,,,,,,,,,,,,,,,,,,,,,,,,,,,,,,,
,,,,,,,,,,,,,,,,,,,,,,,,,,,,,,,,,,,,,
,,,,,,,,,,,,,,,,,,,,,,,,,,,,,,,,,,,,,
,,,,,,,,,,,,,,,,,,,,,,,,,,,,,,,,,,,,,
,,,,,,,,,,,,,,,,,,,,,,,,,,,,,,,,,,,,,
,,,,,,,,,,,,,,,,,,,,,,,,,,,,,,,,,,,,,
,,,,,,,,,,,,,,,,,,,,,,,,,,,,,,,,,,,,,
,,,,,,,,,,,,,,,,,,,,,,,,,,,,,,,,,,,,,
,,,,,,,,,,,,,,,,,,,,,,,,,,,,,,,,,,,,,
,,,,,,,,,,,,,,,,,,,,,,,,,,,,,,,,,,,,,
,,,,,,,,,,,,,,,,,,,,,,,,,,,,,,,,,,,,,
,,,,,,,,,,,,,,,,,,,,,,,,,,,,,,,,,,,,,
,,,,,,,,,,,,,,,,,,,,,,,,,,,,,,,,,,,,,
,,,,,,,,,,,,,,,,,,,,,,,,,,,,,,,,,,,,,
,,,,,,,,,,,,,,,,,,,,,,,,,,,,,,,,,,,,,
,,,,,,,,,,,,,,,,,,,,,,,,,,,,,,,,,,,,,
,,,,,,,,,,,,,,,,,,,,,,,,,,,,,,,,,,,,,
,,,,,,,,,,,,,,,,,,,,,,,,,,,,,,,,,,,,,
,,,,,,,,,,,,,,,,,,,,,,,,,,,,,,,,,,,,,
,,,,,,,,,,,,,,,,,,,,,,,,,,,,,,,,,,,,,
,,,,,,,,,,,,,,,,,,,,,,,,,,,,,,,,,,,,,
,,,,,,,,,,,,,,,,,,,,,,,,,,,,,,,,,,,,,
,,,,,,,,,,,,,,,,,,,,,,,,,,,,,,,,,,,,,
,,,,,,,,,,,,,,,,,,,,,,,,,,,,,,,,,,,,,
,,,,,,,,,,,,,,,,,,,,,,,,,,,,,,,,,,,,,
,,,,,,,,,,,,,,,,,,,,,,,,,,,,,,,,,,,,,
,,,,,,,,,,,,,,,,,,,,,,,,,,,,,,,,,,,,,
,,,,,,,,,,,,,,,,,,,,,,,,,,,,,,,,,,,,,
,,,,,,,,,,,,,,,,,,,,,,,,,,,,,,,,,,,,,
,,,,,,,,,,,,,,,,,,,,,,,,,,,,,,,,,,,,,
,,,,,,,,,,,,,,,,,,,,,,,,,,,,,,,,,,,,,
,,,,,,,,,,,,,,,,,,,,,,,,,,,,,,,,,,,,,
,,,,,,,,,,,,,,,,,,,,,,,,,,,,,,,,,,,,,
,,,,,,,,,,,,,,,,,,,,,,,,,,,,,,,,,,,,,
,,,,,,,,,,,,,,,,,,,,,,,,,,,,,,,,,,,,,
,,,,,,,,,,,,,,,,,,,,,,,,,,,,,,,,,,,,,
,,,,,,,,,,,,,,,,,,,,,,,,,,,,,,,,,,,,,
,,,,,,,,,,,,,,,,,,,,,,,,,,,,,,,,,,,,,
,,,,,,,,,,,,,,,,,,,,,,,,,,,,,,,,,,,,,
,,,,,,,,,,,,,,,,,,,,,,,,,,,,,,,,,,,,,
,,,,,,,,,,,,,,,,,,,,,,,,,,,,,,,,,,,,,
,,,,,,,,,,,,,,,,,,,,,,,,,,,,,,,,,,,,,
,,,,,,,,,,,,,,,,,,,,,,,,,,,,,,,,,,,,,
,,,,,,,,,,,,,,,,,,,,,,,,,,,,,,,,,,,,,
,,,,,,,,,,,,,,,,,,,,,,,,,,,,,,,,,,,,,
,,,,,,,,,,,,,,,,,,,,,,,,,,,,,,,,,,,,,
,,,,,,,,,,,,,,,,,,,,,,,,,,,,,,,,,,,,,
,,,,,,,,,,,,,,,,,,,,,,,,,,,,,,,,,,,,,
,,,,,,,,,,,,,,,,,,,,,,,,,,,,,,,,,,,,,
,,,,,,,,,,,,,,,,,,,,,,,,,,,,,,,,,,,,,
,,,,,,,,,,,,,,,,,,,,,,,,,,,,,,,,,,,,,
,,,,,,,,,,,,,,,,,,,,,,,,,,,,,,,,,,,,,
,,,,,,,,,,,,,,,,,,,,,,,,,,,,,,,,,,,,,
,,,,,,,,,,,,,,,,,,,,,,,,,,,,,,,,,,,,,
,,,,,,,,,,,,,,,,,,,,,,,,,,,,,,,,,,,,,
,,,,,,,,,,,,,,,,,,,,,,,,,,,,,,,,,,,,,
,,,,,,,,,,,,,,,,,,,,,,,,,,,,,,,,,,,,,
,,,,,,,,,,,,,,,,,,,,,,,,,,,,,,,,,,,,,
,,,,,,,,,,,,,,,,,,,,,,,,,,,,,,,,,,,,,
,,,,,,,,,,,,,,,,,,,,,,,,,,,,,,,,,,,,,
,,,,,,,,,,,,,,,,,,,,,,,,,,,,,,,,,,,,,
,,,,,,,,,,,,,,,,,,,,,,,,,,,,,,,,,,,,,
,,,,,,,,,,,,,,,,,,,,,,,,,,,,,,,,,,,,,
,,,,,,,,,,,,,,,,,,,,,,,,,,,,,,,,,,,,,
,,,,,,,,,,,,,,,,,,,,,,,,,,,,,,,,,,,,,
,,,,,,,,,,,,,,,,,,,,,,,,,,,,,,,,,,,,,
,,,,,,,,,,,,,,,,,,,,,,,,,,,,,,,,,,,,,
,,,,,,,,,,,,,,,,,,,,,,,,,,,,,,,,,,,,,
,,,,,,,,,,,,,,,,,,,,,,,,,,,,,,,,,,,,,
,,,,,,,,,,,,,,,,,,,,,,,,,,,,,,,,,,,,,
,,,,,,,,,,,,,,,,,,,,,,,,,,,,,,,,,,,,,
,,,,,,,,,,,,,,,,,,,,,,,,,,,,,,,,,,,,,
,,,,,,,,,,,,,,,,,,,,,,,,,,,,,,,,,,,,,
,,,,,,,,,,,,,,,,,,,,,,,,,,,,,,,,,,,,,
,,,,,,,,,,,,,,,,,,,,,,,,,,,,,,,,,,,,,
,,,,,,,,,,,,,,,,,,,,,,,,,,,,,,,,,,,,,
,,,,,,,,,,,,,,,,,,,,,,,,,,,,,,,,,,,,,
,,,,,,,,,,,,,,,,,,,,,,,,,,,,,,,,,,,,,
,,,,,,,,,,,,,,,,,,,,,,,,,,,,,,,,,,,,,
,,,,,,,,,,,,,,,,,,,,,,,,,,,,,,,,,,,,,
,,,,,,,,,,,,,,,,,,,,,,,,,,,,,,,,,,,,,
,,,,,,,,,,,,,,,,,,,,,,,,,,,,,,,,,,,,,
,,,,,,,,,,,,,,,,,,,,,,,,,,,,,,,,,,,,,
,,,,,,,,,,,,,,,,,,,,,,,,,,,,,,,,,,,,,
,,,,,,,,,,,,,,,,,,,,,,,,,,,,,,,,,,,,,
,,,,,,,,,,,,,,,,,,,,,,,,,,,,,,,,,,,,,
,,,,,,,,,,,,,,,,,,,,,,,,,,,,,,,,,,,,,
,,,,,,,,,,,,,,,,,,,,,,,,,,,,,,,,,,,,,
,,,,,,,,,,,,,,,,,,,,,,,,,,,,,,,,,,,,,
,,,,,,,,,,,,,,,,,,,,,,,,,,,,,,,,,,,,,
,,,,,,,,,,,,,,,,,,,,,,,,,,,,,,,,,,,,,
,,,,,,,,,,,,,,,,,,,,,,,,,,,,,,,,,,,,,
,,,,,,,,,,,,,,,,,,,,,,,,,,,,,,,,,,,,,
,,,,,,,,,,,,,,,,,,,,,,,,,,,,,,,,,,,,,
,,,,,,,,,,,,,,,,,,,,,,,,,,,,,,,,,,,,,
,,,,,,,,,,,,,,,,,,,,,,,,,,,,,,,,,,,,,
,,,,,,,,,,,,,,,,,,,,,,,,,,,,,,,,,,,,,
,,,,,,,,,,,,,,,,,,,,,,,,,,,,,,,,,,,,,
,,,,,,,,,,,,,,,,,,,,,,,,,,,,,,,,,,,,,
,,,,,,,,,,,,,,,,,,,,,,,,,,,,,,,,,,,,,
,,,,,,,,,,,,,,,,,,,,,,,,,,,,,,,,,,,,,
,,,,,,,,,,,,,,,,,,,,,,,,,,,,,,,,,,,,,
,,,,,,,,,,,,,,,,,,,,,,,,,,,,,,,,,,,,,
,,,,,,,,,,,,,,,,,,,,,,,,,,,,,,,,,,,,,
,,,,,,,,,,,,,,,,,,,,,,,,,,,,,,,,,,,,,
,,,,,,,,,,,,,,,,,,,,,,,,,,,,,,,,,,,,,
,,,,,,,,,,,,,,,,,,,,,,,,,,,,,,,,,,,,,
,,,,,,,,,,,,,,,,,,,,,,,,,,,,,,,,,,,,,
,,,,,,,,,,,,,,,,,,,,,,,,,,,,,,,,,,,,,
,,,,,,,,,,,,,,,,,,,,,,,,,,,,,,,,,,,,,
,,,,,,,,,,,,,,,,,,,,,,,,,,,,,,,,,,,,,
,,,,,,,,,,,,,,,,,,,,,,,,,,,,,,,,,,,,,
,,,,,,,,,,,,,,,,,,,,,,,,,,,,,,,,,,,,,
,,,,,,,,,,,,,,,,,,,,,,,,,,,,,,,,,,,,,
,,,,,,,,,,,,,,,,,,,,,,,,,,,,,,,,,,,,,
,,,,,,,,,,,,,,,,,,,,,,,,,,,,,,,,,,,,,
,,,,,,,,,,,,,,,,,,,,,,,,,,,,,,,,,,,,,
,,,,,,,,,,,,,,,,,,,,,,,,,,,,,,,,,,,,,
,,,,,,,,,,,,,,,,,,,,,,,,,,,,,,,,,,,,,
,,,,,,,,,,,,,,,,,,,,,,,,,,,,,,,,,,,,,
,,,,,,,,,,,,,,,,,,,,,,,,,,,,,,,,,,,,,
,,,,,,,,,,,,,,,,,,,,,,,,,,,,,,,,,,,,,
,,,,,,,,,,,,,,,,,,,,,,,,,,,,,,,,,,,,,
,,,,,,,,,,,,,,,,,,,,,,,,,,,,,,,,,,,,,
,,,,,,,,,,,,,,,,,,,,,,,,,,,,,,,,,,,,,
,,,,,,,,,,,,,,,,,,,,,,,,,,,,,,,,,,,,,
,,,,,,,,,,,,,,,,,,,,,,,,,,,,,,,,,,,,,
,,,,,,,,,,,,,,,,,,,,,,,,,,,,,,,,,,,,,
,,,,,,,,,,,,,,,,,,,,,,,,,,,,,,,,,,,,,
,,,,,,,,,,,,,,,,,,,,,,,,,,,,,,,,,,,,,
,,,,,,,,,,,,,,,,,,,,,,,,,,,,,,,,,,,,,
,,,,,,,,,,,,,,,,,,,,,,,,,,,,,,,,,,,,,
,,,,,,,,,,,,,,,,,,,,,,,,,,,,,,,,,,,,,
,,,,,,,,,,,,,,,,,,,,,,,,,,,,,,,,,,,,,
,,,,,,,,,,,,,,,,,,,,,,,,,,,,,,,,,,,,,
,,,,,,,,,,,,,,,,,,,,,,,,,,,,,,,,,,,,,
,,,,,,,,,,,,,,,,,,,,,,,,,,,,,,,,,,,,,
,,,,,,,,,,,,,,,,,,,,,,,,,,,,,,,,,,,,,
,,,,,,,,,,,,,,,,,,,,,,,,,,,,,,,,,,,,,
,,,,,,,,,,,,,,,,,,,,,,,,,,,,,,,,,,,,,
,,,,,,,,,,,,,,,,,,,,,,,,,,,,,,,,,,,,,
,,,,,,,,,,,,,,,,,,,,,,,,,,,,,,,,,,,,,
,,,,,,,,,,,,,,,,,,,,,,,,,,,,,,,,,,,,,
,,,,,,,,,,,,,,,,,,,,,,,,,,,,,,,,,,,,,
,,,,,,,,,,,,,,,,,,,,,,,,,,,,,,,,,,,,,
,,,,,,,,,,,,,,,,,,,,,,,,,,,,,,,,,,,,,
,,,,,,,,,,,,,,,,,,,,,,,,,,,,,,,,,,,,,
,,,,,,,,,,,,,,,,,,,,,,,,,,,,,,,,,,,,,
,,,,,,,,,,,,,,,,,,,,,,,,,,,,,,,,,,,,,
,,,,,,,,,,,,,,,,,,,,,,,,,,,,,,,,,,,,,
,,,,,,,,,,,,,,,,,,,,,,,,,,,,,,,,,,,,,
,,,,,,,,,,,,,,,,,,,,,,,,,,,,,,,,,,,,,
,,,,,,,,,,,,,,,,,,,,,,,,,,,,,,,,,,,,,
,,,,,,,,,,,,,,,,,,,,,,,,,,,,,,,,,,,,,
,,,,,,,,,,,,,,,,,,,,,,,,,,,,,,,,,,,,,
,,,,,,,,,,,,,,,,,,,,,,,,,,,,,,,,,,,,,
,,,,,,,,,,,,,,,,,,,,,,,,,,,,,,,,,,,,,
,,,,,,,,,,,,,,,,,,,,,,,,,,,,,,,,,,,,,
,,,,,,,,,,,,,,,,,,,,,,,,,,,,,,,,,,,,,
,,,,,,,,,,,,,,,,,,,,,,,,,,,,,,,,,,,,,
,,,,,,,,,,,,,,,,,,,,,,,,,,,,,,,,,,,,,
,,,,,,,,,,,,,,,,,,,,,,,,,,,,,,,,,,,,,
,,,,,,,,,,,,,,,,,,,,,,,,,,,,,,,,,,,,,
,,,,,,,,,,,,,,,,,,,,,,,,,,,,,,,,,,,,,
,,,,,,,,,,,,,,,,,,,,,,,,,,,,,,,,,,,,,
,,,,,,,,,,,,,,,,,,,,,,,,,,,,,,,,,,,,,
,,,,,,,,,,,,,,,,,,,,,,,,,,,,,,,,,,,,,
,,,,,,,,,,,,,,,,,,,,,,,,,,,,,,,,,,,,,
,,,,,,,,,,,,,,,,,,,,,,,,,,,,,,,,,,,,,
,,,,,,,,,,,,,,,,,,,,,,,,,,,,,,,,,,,,,
,,,,,,,,,,,,,,,,,,,,,,,,,,,,,,,,,,,,,
,,,,,,,,,,,,,,,,,,,,,,,,,,,,,,,,,,,,,
,,,,,,,,,,,,,,,,,,,,,,,,,,,,,,,,,,,,,
,,,,,,,,,,,,,,,,,,,,,,,,,,,,,,,,,,,,,
,,,,,,,,,,,,,,,,,,,,,,,,,,,,,,,,,,,,,
,,,,,,,,,,,,,,,,,,,,,,,,,,,,,,,,,,,,,
,,,,,,,,,,,,,,,,,,,,,,,,,,,,,,,,,,,,,
,,,,,,,,,,,,,,,,,,,,,,,,,,,,,,,,,,,,,
,,,,,,,,,,,,,,,,,,,,,,,,,,,,,,,,,,,,,
,,,,,,,,,,,,,,,,,,,,,,,,,,,,,,,,,,,,,
,,,,,,,,,,,,,,,,,,,,,,,,,,,,,,,,,,,,,
,,,,,,,,,,,,,,,,,,,,,,,,,,,,,,,,,,,,,
,,,,,,,,,,,,,,,,,,,,,,,,,,,,,,,,,,,,,
,,,,,,,,,,,,,,,,,,,,,,,,,,,,,,,,,,,,,
,,,,,,,,,,,,,,,,,,,,,,,,,,,,,,,,,,,,,
,,,,,,,,,,,,,,,,,,,,,,,,,,,,,,,,,,,,,
,,,,,,,,,,,,,,,,,,,,,,,,,,,,,,,,,,,,,
,,,,,,,,,,,,,,,,,,,,,,,,,,,,,,,,,,,,,
,,,,,,,,,,,,,,,,,,,,,,,,,,,,,,,,,,,,,
,,,,,,,,,,,,,,,,,,,,,,,,,,,,,,,,,,,,,
,,,,,,,,,,,,,,,,,,,,,,,,,,,,,,,,,,,,,
,,,,,,,,,,,,,,,,,,,,,,,,,,,,,,,,,,,,,
,,,,,,,,,,,,,,,,,,,,,,,,,,,,,,,,,,,,,
,,,,,,,,,,,,,,,,,,,,,,,,,,,,,,,,,,,,,
,,,,,,,,,,,,,,,,,,,,,,,,,,,,,,,,,,,,,
,,,,,,,,,,,,,,,,,,,,,,,,,,,,,,,,,,,,,
,,,,,,,,,,,,,,,,,,,,,,,,,,,,,,,,,,,,,
,,,,,,,,,,,,,,,,,,,,,,,,,,,,,,,,,,,,,
,,,,,,,,,,,,,,,,,,,,,,,,,,,,,,,,,,,,,
,,,,,,,,,,,,,,,,,,,,,,,,,,,,,,,,,,,,,
,,,,,,,,,,,,,,,,,,,,,,,,,,,,,,,,,,,,,
,,,,,,,,,,,,,,,,,,,,,,,,,,,,,,,,,,,,,
,,,,,,,,,,,,,,,,,,,,,,,,,,,,,,,,,,,,,
,,,,,,,,,,,,,,,,,,,,,,,,,,,,,,,,,,,,,
,,,,,,,,,,,,,,,,,,,,,,,,,,,,,,,,,,,,,
,,,,,,,,,,,,,,,,,,,,,,,,,,,,,,,,,,,,,
,,,,,,,,,,,,,,,,,,,,,,,,,,,,,,,,,,,,,
,,,,,,,,,,,,,,,,,,,,,,,,,,,,,,,,,,,,,
,,,,,,,,,,,,,,,,,,,,,,,,,,,,,,,,,,,,,
,,,,,,,,,,,,,,,,,,,,,,,,,,,,,,,,,,,,,
,,,,,,,,,,,,,,,,,,,,,,,,,,,,,,,,,,,,,
,,,,,,,,,,,,,,,,,,,,,,,,,,,,,,,,,,,,,
,,,,,,,,,,,,,,,,,,,,,,,,,,,,,,,,,,,,,
,,,,,,,,,,,,,,,,,,,,,,,,,,,,,,,,,,,,,
,,,,,,,,,,,,,,,,,,,,,,,,,,,,,,,,,,,,,
,,,,,,,,,,,,,,,,,,,,,,,,,,,,,,,,,,,,,
,,,,,,,,,,,,,,,,,,,,,,,,,,,,,,,,,,,,,
,,,,,,,,,,,,,,,,,,,,,,,,,,,,,,,,,,,,,
,,,,,,,,,,,,,,,,,,,,,,,,,,,,,,,,,,,,,
,,,,,,,,,,,,,,,,,,,,,,,,,,,,,,,,,,,,,
,,,,,,,,,,,,,,,,,,,,,,,,,,,,,,,,,,,,,
,,,,,,,,,,,,,,,,,,,,,,,,,,,,,,,,,,,,,
,,,,,,,,,,,,,,,,,,,,,,,,,,,,,,,,,,,,,
,,,,,,,,,,,,,,,,,,,,,,,,,,,,,,,,,,,,,
,,,,,,,,,,,,,,,,,,,,,,,,,,,,,,,,,,,,,
,,,,,,,,,,,,,,,,,,,,,,,,,,,,,,,,,,,,,
,,,,,,,,,,,,,,,,,,,,,,,,,,,,,,,,,,,,,
,,,,,,,,,,,,,,,,,,,,,,,,,,,,,,,,,,,,,
,,,,,,,,,,,,,,,,,,,,,,,,,,,,,,,,,,,,,
,,,,,,,,,,,,,,,,,,,,,,,,,,,,,,,,,,,,,
,,,,,,,,,,,,,,,,,,,,,,,,,,,,,,,,,,,,,
,,,,,,,,,,,,,,,,,,,,,,,,,,,,,,,,,,,,,
,,,,,,,,,,,,,,,,,,,,,,,,,,,,,,,,,,,,,
,,,,,,,,,,,,,,,,,,,,,,,,,,,,,,,,,,,,,
,,,,,,,,,,,,,,,,,,,,,,,,,,,,,,,,,,,,,
,,,,,,,,,,,,,,,,,,,,,,,,,,,,,,,,,,,,,
,,,,,,,,,,,,,,,,,,,,,,,,,,,,,,,,,,,,,
,,,,,,,,,,,,,,,,,,,,,,,,,,,,,,,,,,,,,
,,,,,,,,,,,,,,,,,,,,,,,,,,,,,,,,,,,,,
,,,,,,,,,,,,,,,,,,,,,,,,,,,,,,,,,,,,,
,,,,,,,,,,,,,,,,,,,,,,,,,,,,,,,,,,,,,
,,,,,,,,,,,,,,,,,,,,,,,,,,,,,,,,,,,,,
,,,,,,,,,,,,,,,,,,,,,,,,,,,,,,,,,,,,,
,,,,,,,,,,,,,,,,,,,,,,,,,,,,,,,,,,,,,
,,,,,,,,,,,,,,,,,,,,,,,,,,,,,,,,,,,,,
,,,,,,,,,,,,,,,,,,,,,,,,,,,,,,,,,,,,,
,,,,,,,,,,,,,,,,,,,,,,,,,,,,,,,,,,,,,
,,,,,,,,,,,,,,,,,,,,,,,,,,,,,,,,,,,,,
,,,,,,,,,,,,,,,,,,,,,,,,,,,,,,,,,,,,,
,,,,,,,,,,,,,,,,,,,,,,,,,,,,,,,,,,,,,
,,,,,,,,,,,,,,,,,,,,,,,,,,,,,,,,,,,,,
,,,,,,,,,,,,,,,,,,,,,,,,,,,,,,,,,,,,,
,,,,,,,,,,,,,,,,,,,,,,,,,,,,,,,,,,,,,
,,,,,,,,,,,,,,,,,,,,,,,,,,,,,,,,,,,,,
,,,,,,,,,,,,,,,,,,,,,,,,,,,,,,,,,,,,,
,,,,,,,,,,,,,,,,,,,,,,,,,,,,,,,,,,,,,
,,,,,,,,,,,,,,,,,,,,,,,,,,,,,,,,,,,,,
,,,,,,,,,,,,,,,,,,,,,,,,,,,,,,,,,,,,,
,,,,,,,,,,,,,,,,,,,,,,,,,,,,,,,,,,,,,
,,,,,,,,,,,,,,,,,,,,,,,,,,,,,,,,,,,,,
,,,,,,,,,,,,,,,,,,,,,,,,,,,,,,,,,,,,,
,,,,,,,,,,,,,,,,,,,,,,,,,,,,,,,,,,,,,
,,,,,,,,,,,,,,,,,,,,,,,,,,,,,,,,,,,,,
,,,,,,,,,,,,,,,,,,,,,,,,,,,,,,,,,,,,,
,,,,,,,,,,,,,,,,,,,,,,,,,,,,,,,,,,,,,
,,,,,,,,,,,,,,,,,,,,,,,,,,,,,,,,,,,,,
,,,,,,,,,,,,,,,,,,,,,,,,,,,,,,,,,,,,,
,,,,,,,,,,,,,,,,,,,,,,,,,,,,,,,,,,,,,
,,,,,,,,,,,,,,,,,,,,,,,,,,,,,,,,,,,,,
,,,,,,,,,,,,,,,,,,,,,,,,,,,,,,,,,,,,,
,,,,,,,,,,,,,,,,,,,,,,,,,,,,,,,,,,,,,
,,,,,,,,,,,,,,,,,,,,,,,,,,,,,,,,,,,,,
,,,,,,,,,,,,,,,,,,,,,,,,,,,,,,,,,,,,,
,,,,,,,,,,,,,,,,,,,,,,,,,,,,,,,,,,,,,
,,,,,,,,,,,,,,,,,,,,,,,,,,,,,,,,,,,,,
,,,,,,,,,,,,,,,,,,,,,,,,,,,,,,,,,,,,,
,,,,,,,,,,,,,,,,,,,,,,,,,,,,,,,,,,,,,
,,,,,,,,,,,,,,,,,,,,,,,,,,,,,,,,,,,,,
,,,,,,,,,,,,,,,,,,,,,,,,,,,,,,,,,,,,,
,,,,,,,,,,,,,,,,,,,,,,,,,,,,,,,,,,,,,
,,,,,,,,,,,,,,,,,,,,,,,,,,,,,,,,,,,,,
,,,,,,,,,,,,,,,,,,,,,,,,,,,,,,,,,,,,,
,,,,,,,,,,,,,,,,,,,,,,,,,,,,,,,,,,,,,
,,,,,,,,,,,,,,,,,,,,,,,,,,,,,,,,,,,,,
,,,,,,,,,,,,,,,,,,,,,,,,,,,,,,,,,,,,,
,,,,,,,,,,,,,,,,,,,,,,,,,,,,,,,,,,,,,
,,,,,,,,,,,,,,,,,,,,,,,,,,,,,,,,,,,,,
,,,,,,,,,,,,,,,,,,,,,,,,,,,,,,,,,,,,,
,,,,,,,,,,,,,,,,,,,,,,,,,,,,,,,,,,,,,
,,,,,,,,,,,,,,,,,,,,,,,,,,,,,,,,,,,,,
,,,,,,,,,,,,,,,,,,,,,,,,,,,,,,,,,,,,,
,,,,,,,,,,,,,,,,,,,,,,,,,,,,,,,,,,,,,
,,,,,,,,,,,,,,,,,,,,,,,,,,,,,,,,,,,,,
,,,,,,,,,,,,,,,,,,,,,,,,,,,,,,,,,,,,,
,,,,,,,,,,,,,,,,,,,,,,,,,,,,,,,,,,,,,
,,,,,,,,,,,,,,,,,,,,,,,,,,,,,,,,,,,,,
,,,,,,,,,,,,,,,,,,,,,,,,,,,,,,,,,,,,,
,,,,,,,,,,,,,,,,,,,,,,,,,,,,,,,,,,,,,
,,,,,,,,,,,,,,,,,,,,,,,,,,,,,,,,,,,,,
,,,,,,,,,,,,,,,,,,,,,,,,,,,,,,,,,,,,,
,,,,,,,,,,,,,,,,,,,,,,,,,,,,,,,,,,,,,
,,,,,,,,,,,,,,,,,,,,,,,,,,,,,,,,,,,,,
,,,,,,,,,,,,,,,,,,,,,,,,,,,,,,,,,,,,,
,,,,,,,,,,,,,,,,,,,,,,,,,,,,,,,,,,,,,
,,,,,,,,,,,,,,,,,,,,,,,,,,,,,,,,,,,,,
,,,,,,,,,,,,,,,,,,,,,,,,,,,,,,,,,,,,,
,,,,,,,,,,,,,,,,,,,,,,,,,,,,,,,,,,,,,
,,,,,,,,,,,,,,,,,,,,,,,,,,,,,,,,,,,,,
,,,,,,,,,,,,,,,,,,,,,,,,,,,,,,,,,,,,,
,,,,,,,,,,,,,,,,,,,,,,,,,,,,,,,,,,,,,
,,,,,,,,,,,,,,,,,,,,,,,,,,,,,,,,,,,,,
,,,,,,,,,,,,,,,,,,,,,,,,,,,,,,,,,,,,,
,,,,,,,,,,,,,,,,,,,,,,,,,,,,,,,,,,,,,
,,,,,,,,,,,,,,,,,,,,,,,,,,,,,,,,,,,,,
,,,,,,,,,,,,,,,,,,,,,,,,,,,,,,,,,,,,,
,,,,,,,,,,,,,,,,,,,,,,,,,,,,,,,,,,,,,
,,,,,,,,,,,,,,,,,,,,,,,,,,,,,,,,,,,,,
,,,,,,,,,,,,,,,,,,,,,,,,,,,,,,,,,,,,,
,,,,,,,,,,,,,,,,,,,,,,,,,,,,,,,,,,,,,
,,,,,,,,,,,,,,,,,,,,,,,,,,,,,,,,,,,,,
,,,,,,,,,,,,,,,,,,,,,,,,,,,,,,,,,,,,,
,,,,,,,,,,,,,,,,,,,,,,,,,,,,,,,,,,,,,
,,,,,,,,,,,,,,,,,,,,,,,,,,,,,,,,,,,,,
,,,,,,,,,,,,,,,,,,,,,,,,,,,,,,,,,,,,,
,,,,,,,,,,,,,,,,,,,,,,,,,,,,,,,,,,,,,
,,,,,,,,,,,,,,,,,,,,,,,,,,,,,,,,,,,,,
,,,,,,,,,,,,,,,,,,,,,,,,,,,,,,,,,,,,,
,,,,,,,,,,,,,,,,,,,,,,,,,,,,,,,,,,,,,
,,,,,,,,,,,,,,,,,,,,,,,,,,,,,,,,,,,,,
,,,,,,,,,,,,,,,,,,,,,,,,,,,,,,,,,,,,,
,,,,,,,,,,,,,,,,,,,,,,,,,,,,,,,,,,,,,
,,,,,,,,,,,,,,,,,,,,,,,,,,,,,,,,,,,,,
,,,,,,,,,,,,,,,,,,,,,,,,,,,,,,,,,,,,,
,,,,,,,,,,,,,,,,,,,,,,,,,,,,,,,,,,,,,
,,,,,,,,,,,,,,,,,,,,,,,,,,,,,,,,,,,,,
,,,,,,,,,,,,,,,,,,,,,,,,,,,,,,,,,,,,,
,,,,,,,,,,,,,,,,,,,,,,,,,,,,,,,,,,,,,
,,,,,,,,,,,,,,,,,,,,,,,,,,,,,,,,,,,,,
,,,,,,,,,,,,,,,,,,,,,,,,,,,,,,,,,,,,,
,,,,,,,,,,,,,,,,,,,,,,,,,,,,,,,,,,,,,
,,,,,,,,,,,,,,,,,,,,,,,,,,,,,,,,,,,,,
,,,,,,,,,,,,,,,,,,,,,,,,,,,,,,,,,,,,,
,,,,,,,,,,,,,,,,,,,,,,,,,,,,,,,,,,,,,
,,,,,,,,,,,,,,,,,,,,,,,,,,,,,,,,,,,,,
,,,,,,,,,,,,,,,,,,,,,,,,,,,,,,,,,,,,,
,,,,,,,,,,,,,,,,,,,,,,,,,,,,,,,,,,,,,
,,,,,,,,,,,,,,,,,,,,,,,,,,,,,,,,,,,,,
,,,,,,,,,,,,,,,,,,,,,,,,,,,,,,,,,,,,,
,,,,,,,,,,,,,,,,,,,,,,,,,,,,,,,,,,,,,
,,,,,,,,,,,,,,,,,,,,,,,,,,,,,,,,,,,,,
,,,,,,,,,,,,,,,,,,,,,,,,,,,,,,,,,,,,,
,,,,,,,,,,,,,,,,,,,,,,,,,,,,,,,,,,,,,
,,,,,,,,,,,,,,,,,,,,,,,,,,,,,,,,,,,,,
,,,,,,,,,,,,,,,,,,,,,,,,,,,,,,,,,,,,,
,,,,,,,,,,,,,,,,,,,,,,,,,,,,,,,,,,,,,
,,,,,,,,,,,,,,,,,,,,,,,,,,,,,,,,,,,,,
,,,,,,,,,,,,,,,,,,,,,,,,,,,,,,,,,,,,,
,,,,,,,,,,,,,,,,,,,,,,,,,,,,,,,,,,,,,
,,,,,,,,,,,,,,,,,,,,,,,,,,,,,,,,,,,,,
,,,,,,,,,,,,,,,,,,,,,,,,,,,,,,,,,,,,,
,,,,,,,,,,,,,,,,,,,,,,,,,,,,,,,,,,,,,
,,,,,,,,,,,,,,,,,,,,,,,,,,,,,,,,,,,,,
,,,,,,,,,,,,,,,,,,,,,,,,,,,,,,,,,,,,,
,,,,,,,,,,,,,,,,,,,,,,,,,,,,,,,,,,,,,
,,,,,,,,,,,,,,,,,,,,,,,,,,,,,,,,,,,,,
,,,,,,,,,,,,,,,,,,,,,,,,,,,,,,,,,,,,,
,,,,,,,,,,,,,,,,,,,,,,,,,,,,,,,,,,,,,
,,,,,,,,,,,,,,,,,,,,,,,,,,,,,,,,,,,,,
,,,,,,,,,,,,,,,,,,,,,,,,,,,,,,,,,,,,,
,,,,,,,,,,,,,,,,,,,,,,,,,,,,,,,,,,,,,
,,,,,,,,,,,,,,,,,,,,,,,,,,,,,,,,,,,,,
,,,,,,,,,,,,,,,,,,,,,,,,,,,,,,,,,,,,,
,,,,,,,,,,,,,,,,,,,,,,,,,,,,,,,,,,,,,
,,,,,,,,,,,,,,,,,,,,,,,,,,,,,,,,,,,,,
,,,,,,,,,,,,,,,,,,,,,,,,,,,,,,,,,,,,,
,,,,,,,,,,,,,,,,,,,,,,,,,,,,,,,,,,,,,
,,,,,,,,,,,,,,,,,,,,,,,,,,,,,,,,,,,,,
,,,,,,,,,,,,,,,,,,,,,,,,,,,,,,,,,,,,,
,,,,,,,,,,,,,,,,,,,,,,,,,,,,,,,,,,,,,
,,,,,,,,,,,,,,,,,,,,,,,,,,,,,,,,,,,,,
,,,,,,,,,,,,,,,,,,,,,,,,,,,,,,,,,,,,,
,,,,,,,,,,,,,,,,,,,,,,,,,,,,,,,,,,,,,
,,,,,,,,,,,,,,,,,,,,,,,,,,,,,,,,,,,,,
,,,,,,,,,,,,,,,,,,,,,,,,,,,,,,,,,,,,,
,,,,,,,,,,,,,,,,,,,,,,,,,,,,,,,,,,,,,
,,,,,,,,,,,,,,,,,,,,,,,,,,,,,,,,,,,,,
,,,,,,,,,,,,,,,,,,,,,,,,,,,,,,,,,,,,,
,,,,,,,,,,,,,,,,,,,,,,,,,,,,,,,,,,,,,
,,,,,,,,,,,,,,,,,,,,,,,,,,,,,,,,,,,,,
,,,,,,,,,,,,,,,,,,,,,,,,,,,,,,,,,,,,,
,,,,,,,,,,,,,,,,,,,,,,,,,,,,,,,,,,,,,
,,,,,,,,,,,,,,,,,,,,,,,,,,,,,,,,,,,,,
,,,,,,,,,,,,,,,,,,,,,,,,,,,,,,,,,,,,,
,,,,,,,,,,,,,,,,,,,,,,,,,,,,,,,,,,,,,
,,,,,,,,,,,,,,,,,,,,,,,,,,,,,,,,,,,,,
,,,,,,,,,,,,,,,,,,,,,,,,,,,,,,,,,,,,,
,,,,,,,,,,,,,,,,,,,,,,,,,,,,,,,,,,,,,
,,,,,,,,,,,,,,,,,,,,,,,,,,,,,,,,,,,,,
,,,,,,,,,,,,,,,,,,,,,,,,,,,,,,,,,,,,,
,,,,,,,,,,,,,,,,,,,,,,,,,,,,,,,,,,,,,
,,,,,,,,,,,,,,,,,,,,,,,,,,,,,,,,,,,,,
,,,,,,,,,,,,,,,,,,,,,,,,,,,,,,,,,,,,,
,,,,,,,,,,,,,,,,,,,,,,,,,,,,,,,,,,,,,
,,,,,,,,,,,,,,,,,,,,,,,,,,,,,,,,,,,,,
,,,,,,,,,,,,,,,,,,,,,,,,,,,,,,,,,,,,,
,,,,,,,,,,,,,,,,,,,,,,,,,,,,,,,,,,,,,
,,,,,,,,,,,,,,,,,,,,,,,,,,,,,,,,,,,,,
,,,,,,,,,,,,,,,,,,,,,,,,,,,,,,,,,,,,,
,,,,,,,,,,,,,,,,,,,,,,,,,,,,,,,,,,,,,
,,,,,,,,,,,,,,,,,,,,,,,,,,,,,,,,,,,,,
,,,,,,,,,,,,,,,,,,,,,,,,,,,,,,,,,,,,,
,,,,,,,,,,,,,,,,,,,,,,,,,,,,,,,,,,,,,
,,,,,,,,,,,,,,,,,,,,,,,,,,,,,,,,,,,,,
,,,,,,,,,,,,,,,,,,,,,,,,,,,,,,,,,,,,,
,,,,,,,,,,,,,,,,,,,,,,,,,,,,,,,,,,,,,
,,,,,,,,,,,,,,,,,,,,,,,,,,,,,,,,,,,,,
,,,,,,,,,,,,,,,,,,,,,,,,,,,,,,,,,,,,,
,,,,,,,,,,,,,,,,,,,,,,,,,,,,,,,,,,,,,
,,,,,,,,,,,,,,,,,,,,,,,,,,,,,,,,,,,,,
,,,,,,,,,,,,,,,,,,,,,,,,,,,,,,,,,,,,,
,,,,,,,,,,,,,,,,,,,,,,,,,,,,,,,,,,,,,
,,,,,,,,,,,,,,,,,,,,,,,,,,,,,,,,,,,,,
,,,,,,,,,,,,,,,,,,,,,,,,,,,,,,,,,,,,,
,,,,,,,,,,,,,,,,,,,,,,,,,,,,,,,,,,,,,
,,,,,,,,,,,,,,,,,,,,,,,,,,,,,,,,,,,,,
,,,,,,,,,,,,,,,,,,,,,,,,,,,,,,,,,,,,,
,,,,,,,,,,,,,,,,,,,,,,,,,,,,,,,,,,,,,
,,,,,,,,,,,,,,,,,,,,,,,,,,,,,,,,,,,,,
,,,,,,,,,,,,,,,,,,,,,,,,,,,,,,,,,,,,,
,,,,,,,,,,,,,,,,,,,,,,,,,,,,,,,,,,,,,
,,,,,,,,,,,,,,,,,,,,,,,,,,,,,,,,,,,,,
,,,,,,,,,,,,,,,,,,,,,,,,,,,,,,,,,,,,,
,,,,,,,,,,,,,,,,,,,,,,,,,,,,,,,,,,,,,
,,,,,,,,,,,,,,,,,,,,,,,,,,,,,,,,,,,,,
,,,,,,,,,,,,,,,,,,,,,,,,,,,,,,,,,,,,,
,,,,,,,,,,,,,,,,,,,,,,,,,,,,,,,,,,,,,
,,,,,,,,,,,,,,,,,,,,,,,,,,,,,,,,,,,,,
,,,,,,,,,,,,,,,,,,,,,,,,,,,,,,,,,,,,,
,,,,,,,,,,,,,,,,,,,,,,,,,,,,,,,,,,,,,
,,,,,,,,,,,,,,,,,,,,,,,,,,,,,,,,,,,,,
,,,,,,,,,,,,,,,,,,,,,,,,,,,,,,,,,,,,,
,,,,,,,,,,,,,,,,,,,,,,,,,,,,,,,,,,,,,
,,,,,,,,,,,,,,,,,,,,,,,,,,,,,,,,,,,,,
,,,,,,,,,,,,,,,,,,,,,,,,,,,,,,,,,,,,,
,,,,,,,,,,,,,,,,,,,,,,,,,,,,,,,,,,,,,
,,,,,,,,,,,,,,,,,,,,,,,,,,,,,,,,,,,,,
,,,,,,,,,,,,,,,,,,,,,,,,,,,,,,,,,,,,,
,,,,,,,,,,,,,,,,,,,,,,,,,,,,,,,,,,,,,
,,,,,,,,,,,,,,,,,,,,,,,,,,,,,,,,,,,,,
,,,,,,,,,,,,,,,,,,,,,,,,,,,,,,,,,,,,,
,,,,,,,,,,,,,,,,,,,,,,,,,,,,,,,,,,,,,
,,,,,,,,,,,,,,,,,,,,,,,,,,,,,,,,,,,,,
